[{"model": "auth.user", "fields": {"password": "pbkdf2_sha256$1000000$dWEHwJhGWyVKVDifMuznyr$tPwEfHsZ13UPmoFnoLkFGig3mGHDrKaDHdiWgLWOeGE=", "last_login": "2025-10-21T12:18:04.267Z", "is_superuser": true, "username": "rex", "first_name": "", "last_name": "", "email": "rexbmxbikecollection@gmail.com", "is_staff": true, "is_active": true, "date_joined": "2025-10-02T22:03:03.757Z", "groups": [], "user_permissions": []}}, {"model": "sessions.session", "pk": "ano698p4hhddbfi0sl2lm2orhoyfn92x", "fields": {"session_data": ".eJxVjMsOwiAQRf-FtSFAMzxcuvcbyMAMUjWQlHZl_Hdt0oVu7znnvkTEba1xG7zEmcRZaHH63RLmB7cd0B3brcvc27rMSe6KPOiQ1078vBzu30HFUb-1s6WABRVsQAhEyrDSqFzKmdlBYtDOWtRlwmyAPSDkQNYb4zj5MIn3B-N7N-U:1vBBJU:zEivE4DSmBLwUOn8LVlEl0wGGsC0MZb-3iKhiInnP_c", "expire_date": "2025-11-04T12:18:04.280Z"}}, {"model": "sessions.session", "pk": "rt9bqvoa6rtsnwc0v5fojbcdufdb5gyg", "fields": {"session_data": ".eJxVjMsOwiAQRf-FtSFAMzxcuvcbyMAMUjWQlHZl_Hdt0oVu7znnvkTEba1xG7zEmcRZaHH63RLmB7cd0B3brcvc27rMSe6KPOiQ1078vBzu30HFUb-1s6WABRVsQAhEyrDSqFzKmdlBYtDOWtRlwmyAPSDkQNYb4zj5MIn3B-N7N-U:1vB1Kp:yGHtJpdqIOp9aONIqbouxseyXY8FJZNB-MoGJjhoxlk", "expire_date": "2025-11-04T01:38:47.372Z"}}, {"model": "products.category", "pk": 1, "fields": {"category_name": "Redline", "category_slug": "redline", "category_title": "Bikes", "description": ""}}, {"model": "products.category", "pk": 2, "fields": {"category_name": "GT Bikes", "category_slug": "gt-bikes", "category_title": "Bikes", "description": ""}}, {"model": "products.category", "pk": 3, "fields": {"category_name": "Hutch", "category_slug": "hutch", "category_title": "Bikes", "description": ""}}, {"model": "products.category", "pk": 4, "fields": {"category_name": "Diamond Back", "category_slug": "diamond-back", "category_title": "Bikes", "description": ""}}, {"model": "products.category", "pk": 5, "fields": {"category_name": "Dyno", "category_slug": "dyno", "category_title": "Bikes", "description": ""}}, {"model": "products.category", "pk": 6, "fields": {"category_name": "Haro", "category_slug": "haro", "category_title": "Bikes", "description": ""}}, {"model": "products.category", "pk": 7, "fields": {"category_name": "PK Rippers", "category_slug": "pk-rippers", "category_title": "Bikes", "description": ""}}, {"model": "products.category", "pk": 8, "fields": {"category_name": "Skyway", "category_slug": "skyway", "category_title": "Bikes", "description": ""}}, {"model": "products.category", "pk": 9, "fields": {"category_name": "Kuwahara", "category_slug": "kuwahara", "category_title": "Bikes", "description": ""}}, {"model": "products.category", "pk": 11, "fields": {"category_name": "Frames & Fork", "category_slug": "frames-fork", "category_title": "Accessories", "description": ""}}, {"model": "products.category", "pk": 12, "fields": {"category_name": "Plates", "category_slug": "plates", "category_title": "Accessories", "description": ""}}, {"model": "products.category", "pk": 13, "fields": {"category_name": "Clothes", "category_slug": "clothes", "category_title": "Clothes", "description": ""}}, {"model": "products.category", "pk": 15, "fields": {"category_name": "SE Racing", "category_slug": "se-racing", "category_title": "Bikes", "description": ""}}, {"model": "products.category", "pk": 16, "fields": {"category_name": "others", "category_slug": "others", "category_title": null, "description": ""}}, {"model": "products.product", "pk": 1, "fields": {"product_name": "1983 SE Racing P.K. Ripper", "product_slug": "1983-se-racing-pk-ripper", "description": "All original finishes.. NFS\r\nSe racing P.K. Ripper frame\r\nSe racing landing gear fork\r\nSe racing flite padset\r\nSe racing handlebars\r\nSe racing troxel seatpost\r\nOakley owing grips\r\nTange LP 125 headset\r\nSST dirtskirt\r\nPro neck stem\r\nShotgun seat\r\nDia compe hinged searclamp\r\nDia compe tech 3 lever\r\nDia compe brake cable\r\nDia compe MX 1000 caliper\r\nScott Mathauser curved brake pads\r\nTioga comp II tires\r\nAraya chrome 7L rims\r\nAsahi spokes\r\nFirst generation (real) SST hubs\r\nShimano 333 freewheel chrome \r\nRedline flite cranks\r\nRedline flite sprocket \r\nHadley bottom bracket\r\nTitron pedals \r\nIzumi slotted chain", "price": "3000.00", "category": 7, "thumbnail": "products/pk.jpeg", "parts": "", "parts_description": "", "stock": 5, "available": true, "created_at": "2025-10-09T16:14:28.042Z", "updated_at": "2025-10-09T17:26:30.411Z"}}, {"model": "products.product", "pk": 2, "fields": {"product_name": "1984 GT Pro  Series", "product_slug": "1984-gt-pro-series", "description": "1984 GT Pro  Series sitting on Skyway Mags. \r\n20 inch Skyway Mags\r\nGT Power Series Cranks\r\nGT Handle Bars\r\nBear trap pedals\r\nCustom GT number plate\r\nGT Goose Neck\r\nGt Pad set\r\nGt Donuts\r\nCustom Blue/Chrome Chain", "price": "1500.00", "category": 2, "thumbnail": "products/1984_GT_Pro__Series.jpeg", "parts": "", "parts_description": "", "stock": 7, "available": true, "created_at": "2025-10-10T12:17:15.458Z", "updated_at": "2025-10-10T12:17:15.458Z"}}, {"model": "products.product", "pk": 3, "fields": {"product_name": "Hutch JDB Trickstar", "product_slug": "hutch-jdb-trickstar", "description": "JDB Hutch Trickstar built with Hutch tires, Hutch western H stem, JDB ladder bars, , Super rare Hutch pink Hi-Caliber brake calipers , Hutch Aersospeed cranks and Hutch lolipop pedals, Kashimax seat, Powdered Hutch pink layback seatpost with Hutch donut seat clamp, And NOS Hutch pink mags!!..Reflectors not installed but have them. Signed by John Debruin himself.", "price": "2500.00", "category": 3, "thumbnail": "products/hutchtrickstar.jpeg", "parts": "", "parts_description": "", "stock": 0, "available": true, "created_at": "2025-10-10T22:37:18.596Z", "updated_at": "2025-10-12T10:26:51.071Z"}}, {"model": "products.product", "pk": 4, "fields": {"product_name": "1987 GT Performer", "product_slug": "1987-gt-performer", "description": "Matching 87 GT set\r\n\r\nMy dream bike as a teen but financially inaccessible until now. Matching Zoot Scoot because I broke my ankle on a friend’s BITD so I have what my wife calls a “ Trauma bond”\r\nPurchased these in September of Covid20 as survivors. Although they were decent I wanted “ new” so commenced to do a full restoration on both with a few upgrades also. Did all restoration except the powder coating  of the Maui blue items. I powdered the white parts myself. All hardware is original, cleaned and polished. I also restored and am keeping the original parts for show. \r\nUpgrades for bike include SR Mallet Stem, GT Power Series cranks, disk, sprocket bolts, Nippon front and DC750 rear brakes, DC Tech 7 levers, GT Epoch engraved headset, GT frame and fork standers and front/rear GT pegs and SR474 pedals\r\nZoot Scoot received matching Odyssey RX3 brake levers to go with the Odyssey S2000 calipers, Epoch headset, front/rear GT pegs", "price": "2900.00", "category": 2, "thumbnail": "products/1987_GT_Performer.jpeg", "parts": "", "parts_description": "", "stock": 3, "available": true, "created_at": "2025-10-10T22:57:10.507Z", "updated_at": "2025-10-10T22:57:10.508Z"}}, {"model": "products.product", "pk": 5, "fields": {"product_name": "1987 Diamond Back Strike Zone", "product_slug": "1987-diamond-back-strike-zone", "description": "Had one of these stolen from me back in 88. Purchased this in September 2020 and believe I’m only the second owner. Bike was filthy but barely ridden it appears. I like shiny and new but resisted doing a full restoration on it due to the OG condition it was in. I do have new Ultrahive decals just in case I ever decide to re-powder \r\nBike has OG powder, decals and most of parts. \r\n New parts are Tech77 levers ( stole the OG Tech7s for my GT), tires, chain, cable housings ( used OG cables) and standers grip tape.", "price": "2600.00", "category": 4, "thumbnail": "products/Diamondback.jpeg", "parts": "", "parts_description": "", "stock": 3, "available": true, "created_at": "2025-10-10T23:04:58.259Z", "updated_at": "2025-10-10T23:04:58.259Z"}}, {"model": "products.product", "pk": 6, "fields": {"product_name": "1982 Hutch Pro Racer", "product_slug": "1982-hutch-pro-racer", "description": "Elevate your collection with this meticulously preserved Pre-Serial Hutch Pro Racer BMX bike, featuring all original finishes for an authentic vintage appeal. Crafted with premium components from the golden era of BMX, this rare gem combines historical significance with high-performance engineering. Ideal for collectors, enthusiasts, or riders seeking a piece of BMX heritage, this bike is in excellent condition and ready to ship.", "price": "2900.00", "category": 3, "thumbnail": "products/1982_Hutch_Pro_Racer.jpeg", "parts": "Hutch pro racer frame\r\nHutch fork\r\nHutch handlebars\r\nHutch seatpost\r\nHutch seatclamp\r\nHutch stem\r\nHutch padset\r\nHutch grips\r\nHutch hubs\r\nHutch radkaps\r\nHutch first generation pedals (titron made)\r\nHutch first generation cranks (profile made)\r\nProfile 130 spider\r\nKashimax aero seat\r\nDia compe tech 3 lever\r\nDia compe cable\r\nDia competition MX 1000 rear brake\r\nAraya 7x rims\r\nTakagi chainring\r\nCarlisle Aggresor tires\r\nIzumi chain\r\nTange 125 LP with tange lock", "parts_description": "", "stock": 4, "available": true, "created_at": "2025-10-12T10:45:59.470Z", "updated_at": "2025-10-12T10:51:06.129Z"}}, {"model": "products.product", "pk": 7, "fields": {"product_name": "1984 Hutch Pro Star", "product_slug": "1984-hutch-pro-star", "description": "The Hutch Pro Star is a fully-equipped, museum-quality vintage BMX bicycle, distinguished by its All Original Finishes and extensive suite of period-correct Hutch components. It represents a premier, liquid asset investment for collectors and a perfect centerpiece for brand heritage showcases, nostalgic marketing campaigns, or a high-end personal collection. The bicycle's provenance and rare component originality position it as a benchmark piece for the vintage BMX market.", "price": "3500.00", "category": 3, "thumbnail": "products/1984_Hutch_Pro_Star.jpeg", "parts": "All original finishes. \r\n\r\n\r\nHutch Pro Star frame\r\nHutch fork\r\nHutch handlebars\r\nHutch seatpost\r\nHutch seatclamp\r\nHutch stem\r\nHutch padset\r\nHutch head lock\r\nHutch grips\r\nHutch 1984 dated kashimax aero seat\r\nHutch hubs\r\nHutch radkaps\r\nHutch pedals\r\nHutch aerospeed cranks\r\nHutch aerospeed disc\r\nHutch first and second generation plates\r\nTioga compe IV tires 1.75 set\r\nDia compe tech 3 lever\r\nDia compe cable\r\nDia competition MX 1000 rear brake\r\nAraya 7x rims\r\nTakagi chainring\r\nIzumi chain\r\nTange 125 chrome headset", "parts_description": "", "stock": 5, "available": true, "created_at": "2025-10-12T11:03:44.898Z", "updated_at": "2025-10-12T11:05:37.459Z"}}, {"model": "products.product", "pk": 8, "fields": {"product_name": "1983 SE Racing Quadangle", "product_slug": "1983-se-racing-quadangle", "description": "SE Racing Quadangle: The Cornerstone of 80s Heritage\r\n\r\nMore than a bicycle, this is a fully authenticated, investment-class artifact of American youth culture and racing history. This SE Racing Quadangle—built on the legendary Quadangle frame and Landing Gear fork—is a certified benchmark of originality, boasting its All Original Finishes.\r\n\r\nEvery component on this Pro-Build is a testament to the golden age of BMX, making it the perfect centerpiece for a brand's heritage showcase, a corporate lobby, or the portfolio of a serious collector.", "price": "3500.00", "category": 15, "thumbnail": "products/1983_SE_Racing_Quadangle.jpeg", "parts": "All original finishes. NFS \r\n\r\n\r\nQuadangle frame\r\nLanding gear fork\r\nQuadangle flite padset\r\nSe racing Gen 2 bars\r\nTange 125 LP headset\r\nSST dirtskirt\r\nPro neck bulldog stem\r\nDia compe tech 3 lever\r\nDia compe MX 1000\r\nSkyway pro pads\r\nTerrycable real bmx version\r\nOakley O-wing grips \r\nSST command seatpost \r\nKashimax aero\r\nDia compe hinged seatpost clamp\r\nProfile Gen 2 cranks\r\nSugino sprocket\r\nIzumi slotted chain\r\nShimano DX pedals\r\nUkai speedline rims\r\nAsahi spokes\r\nSST (real) first Gen hubs \r\nTioga comp II tires", "parts_description": "", "stock": 2, "available": true, "created_at": "2025-10-12T11:13:19.780Z", "updated_at": "2025-10-12T11:13:19.780Z"}}, {"model": "products.product", "pk": 9, "fields": {"product_name": "1982 SE Racing P.K. Ripper", "product_slug": "1982-se-racing-pk-ripper", "description": "SE Racing PK Ripper \"Meltdown\": Certified Heritage Asset\r\n\r\nThis is an extraordinary opportunity to acquire an icon: a PK Ripper presented in its exceptionally rare \"Meltdown\" finish. This asset is certified with All Original Finishes, guaranteeing its provenance and placing it in the highest tier of collectible vintage bicycles. It is the ultimate piece of verified sports and youth culture history.", "price": "3500.00", "category": 7, "thumbnail": "products/1982_SE_Racing_P.K._Ripper.jpeg", "parts": "All original Finishes \"Meltdown\" \r\n\r\nP.k. ripper frame\r\nLanding gear fork\r\nSe racing flite padset\r\nSe racing Gen 2 bars\r\nSe Troxel Gen 2 seatpost\r\nTange 125 LP headset\r\nTuf neck stem\r\nDia compe tech 3 lever\r\nDia compe MX 1000\r\nScott mathauser curved brake pads\r\nTerry ca\r\nOakley B2 grips \r\nKashimax aero seat\r\nDia compe hinged seatpost clamp\r\nRedline 175 pinchless cranks\r\nTuf neck sprocket \r\nTuf neck chainring\r\nHadley bottom bracket\r\nAcme chain\r\nShimano DX pedals\r\nUkai speedline rims\r\nAsahi spokes\r\nBullseye gen 2 hubs \r\nTioga comp II tires", "parts_description": "", "stock": 2, "available": true, "created_at": "2025-10-12T11:24:20.726Z", "updated_at": "2025-10-12T11:24:20.726Z"}}, {"model": "products.product", "pk": 10, "fields": {"product_name": "1981 SE Racing P.K. Ripper", "product_slug": "1981-se-racing-pk-ripper", "description": "The PK Ripper \"Original  Standard\"\r\n\r\n Premier Investment-Grade Asset with Verified Provenance\r\n\r\nThis is the ultimate opportunity to acquire a certified piece of history. This SE Racing PK Ripper is presented with All Original Finishes (All OG Finishes), a status that makes it virtually irreplaceable and instantly vaults it into the elite tier of collector-grade assets. This is not a project; it is a turn-key masterpiece that defines the golden era of BMX.", "price": "3500.00", "category": 7, "thumbnail": "products/1981_SE_Racing_P.K._Ripper.jpeg", "parts": "All OG finishes\r\n\r\nP.k. ripper frame\r\nLanding gear fork\r\nSe racing flite padset\r\nSe racing Gen 2 bars\r\nSe Troxel Gen 1 seatpost\r\nTange 125 LP headset\r\nTuf neck stem\r\nDia compe tech 3 lever\r\nDia compe MX 1000\r\nSkyway pro pads\r\nTerry cable\r\nOakley O-wing grips \r\nCyclepro Shotgun II seat\r\nDia compe hinged seatpost clamp\r\nRedline 175 pinchless cranks\r\nRedline flight sprocket \r\nRedline frist Gen techmatic\r\nIzumi chain\r\nShimano DX pedals\r\nUkai speedline rims\r\nAsahi spokes\r\nBullseye gen 2 hubs \r\nTioga comp II tires\r\nRadkaps ABA", "parts_description": "", "stock": 2, "available": true, "created_at": "2025-10-12T11:30:38.866Z", "updated_at": "2025-10-12T11:30:38.866Z"}}, {"model": "products.product", "pk": 13, "fields": {"product_name": "1988 Haro Team Master", "product_slug": "1988-haro-team-master", "description": "Step back into the golden era of freestyle with this meticulously preserved 1988 Haro Master Team in the iconic Turquoise/Mint colorway, dated February 1988. This isn't a modern reissue—it's a genuine survivor frame-up build, loaded with period-correct 1980s components that scream authenticity. From the mint-condition Haro Master frame to the dated Dia-Compe brakes and Odyssey Gen 1 Gyro, every part has been curated for riders and collectors who demand OG flair without compromise. Whether you're hitting the ramps or displaying it as a centerpiece, this bike delivers that raw '80s vibe with flawless functionality.\r\nThis Haro Master Team is more than a bike—it's a time capsule of freestyle innovation, built with all-original or date-matched parts from legends like Haro, Dia-Compe, Odyssey, Peregrine, and Suzue. Fully rideable, incredibly rare in this condition, and perfect for the discerning collector or rider chasing that authentic '88 shred. Don't miss your chance to own a piece of BMX history!", "price": "2500.00", "category": 6, "thumbnail": "products/Adobe_Express_-_file_A8pmca5.jpg", "parts": "1988 Haro Master Team Turquoise/Mint - dated Feb 1988\r\nAME Unitron grips black/white 80s\r\nAnlun bottom bracket w cups Black\r\nDia Compe brake cable ends silver OG 80s\r\nDia Compe brake pads front & rear white 80s\r\nDia Compe Cable white 1987 matching dated cable for lower gyro \r\nDia compe front Nippon caliper silver/white logo 1987\r\nDia compe front Recessed bolt kit\r\nDia Compe Gran Compe Hanger silver 80s logo\r\nDia compe rear Caliper AD992 silver 1987\r\nDia compe tech 7 levers black/silver 1987\r\nRad Kaps dice caps white OG 80s \r\nHaro fluted Layback Seatpost mint\r\nHaro fold down standers chrome\r\nHaro fork turquise\r\nHaro front axle washers\r\nHaro handlebars kneesavers turquoise/chrome\r\nHaro OG rear brake cable adjuster\r\nHaro Master frame Mint/Turquoise\r\nHaro Team disc 43t 3/32 white logo/silver tail\r\nHaro Team Stem turquoise\r\nHatta MX-10 Headset black\r\nKMC Team Chain silver 3/32-1/2\r\nOdyssey Gyro black\r\nOdyssey Gyro upper & lower cables white  gen 1\r\nPanaracer Special HP-48 tires black\r\nPeregrine clamp black/white\r\nPeregrine Gen 1 cranks chrome\r\nSuzue sealed-tech 48 hubs polished 1987\r\nUkai 48 hoops silk screen chrome 1987\r\nSuzue swivel axle nuts 80s\r\nVP500 pedals clover logo  silver 80s\r\nSuntour 16t freewheel chrome/black 3/32  1987\r\nViscount Dominator white w chrome rails blue foil logo 80s", "parts_description": "", "stock": 30, "available": true, "created_at": "2025-10-20T10:33:07.343Z", "updated_at": "2025-10-20T14:07:37.871Z"}}, {"model": "products.product", "pk": 14, "fields": {"product_name": "1986 Haro Master Nos", "product_slug": "1986-haro-master-nos", "description": "Relive the explosive dawn of BMX freestyle with this untouched New Old Stock (NOS) 1986 Haro Master in the legendary White/Chrome colorway, factory-dated November 1985. This is no restored relic—it's a museum-grade survivor straight from the vault, packed with era-specific '85 components from Haro, Dia-Compe, Skyway, and Oakley. Featuring the early high-stander fork, tapered-knurl handlebars, and Group 1 cranks, this build captures the raw innovation that defined Haro's dominance. Perfect for collectors, ramp rats, or anyone chasing that pure '86 shred—fully original, unmolested, and ready to roll (or display).This 1986 Haro Master is a flawless portal to BMX's explosive '80s heyday, with every dated component—from the Dia-Compe blues to the Skyway Tuffs—screaming authenticity. NOS condition means it's rideable today or a crown jewel for your collection. Snag this white whale before it vanishes into another vault!", "price": "2600.00", "category": 6, "thumbnail": "products/1986_Haro_Master.jpeg", "parts": "NOS\r\n\r\n1986 Haro Master White/Chrome 11/85\r\nACS 1st Gen Rotor silver (85 model no plug)\r\nOakley B-2 grips Blue\r\nOakley Donuts blue \r\nDia Compe blue brake cables  85 x 3  10/31/85\r\nDia Compe cable ends silver\r\nDia compe front Nippon Caliper blue anno 11/85\r\nDia compe front Recessed bolt kit\r\nDia compe MX hinged seat clamp blue anno\r\nDia compe rear Nippon Caliper blue anno  11/85\r\nDia compe tech 5 levers 283  blue 1985\r\nDia compe brake pads 80s white/metal\r\nHaro Unidirectional Super Duralumin chainring and disc - 44t Silver\r\nHaro fluted seat post chrome 85 rounded style\r\nHaro/Anlun fold down standers\r\nHaro fork white - early version standers up high\r\nHaro front axle washers OG\r\nHaro Group 1 crank dust covers\r\nHaro Group 1 Cranks Chrome 175mm\r\nHaro/Anlun Group One Stem white\r\nHaro Master frame white 11/85\r\nHaro Master handlebars white (tapered lower knurling)\r\nHaro Tires - blue 1985\r\nHatta MX-10 Headset with ACS top cup   Chrome\r\nKMC chain silver 1/8 80s\r\nMKS Grafight X white 9/16\r\nOG Chainring bolts - gold\r\nHaro pegs 24t 85 version\r\nSkyway Tuff II wheels 80s metal flange rear plastic front 1985 correct for Masters (stamped)\r\nSuntour Coaster Chrome 9/85\r\nSuntour ZG sealed Bottom Bracket Black\r\nDice caps blue\r\nViscount Dominator blue/white logo  chrome rails 80s\r\nViscount guts gold", "parts_description": "", "stock": 10, "available": true, "created_at": "2025-10-20T14:19:05.748Z", "updated_at": "2025-10-20T22:18:01.220Z"}}, {"model": "products.product", "pk": 15, "fields": {"product_name": "1986 Haro Master Dec 1985", "product_slug": "1986-haro-master-dec-1985", "description": "This meticulously assembled 1985 Haro Master is a vibrant tribute to the golden age of BMX freestyle, centered around the iconic green Master frame, fork, and tapered handlebars. The cockpit is period-correct, featuring a green Haro Group One Stem, white Co Union grips with blue OG Donuts, and a comprehensive Dia Compe braking system with blue Tech 5 levers, blue front and rear Nippon calipers, white pads, and blue cables. A key freestyle innovation, the ACS 1st Gen Rotor, is integrated with a Tioga Bear Trap 2 headset, allowing for unlimited handlebar rotation. The robust drivetrain consists of chrome 175mm Haro Group 1 cranks, a silver 44t Haro Super Duralumin chainring with OG gold bolts, a sealed Suntour ZG bottom bracket, and black MKS Grafight X pedals. This powerful setup drives a silver KMC chain and a 16t Suntour freewheel. The bike rolls on a classic set of white Skyway Tuff II Mags wrapped in vibrant green 1985 Haro Freestyle tires, detailed with Haro axle extenders and green Dice valve caps. Finishing touches include a white and black Viscount Dominator seat on a chrome Haro fluted post, secured by a blue Dia Compe MX hinged seat clamp, and iconic Haro/Anlun fold-down standers, completing this stunning and authentic custom build.", "price": "2600.00", "category": 6, "thumbnail": "products/1986_Haro_Master_Dec_1985.jpeg", "parts": "ACS 1st Gen Rotor silver/polished\r\nCo Union grips white\r\nCo Union OG Donuts blue\r\nDia Compe blue brake cables  1985\r\nDia compe brake pads white/metal 80s\r\nDia Compe cable ends silver 80s\r\nDia compe front Nippon Caliper blue 1986\r\nDia compe front Recessed bolt kit\r\nDia compe MX hinged seat clamp blue\r\nDia compe rear Nippon Caliper blue  1986\r\nDia compe tech 5 levers 183  blue 1985\r\nHaro Axle Extenders 24t silver\r\nHaro chainring and disc Super Duralumin- 44t Silver\r\nHaro Chainring bolts - gold  OG\r\nHaro Dice caps Green\r\nHaro fluted seat post chrome 85 rounded style\r\nHaro fork Green\r\nHaro Freestyle tires green 1985\r\nHaro front axle washers\r\nHaro Group 1 crank dust covers\r\nHaro Group 1 Cranks Chrome 175mm\r\nHaro Group One Stem Green\r\nHaro Master frame Green 12/85\r\nHaro Master handlebars - tapered Green\r\nHaro/Anlun fold down standers\r\nKMC chain silver 3/32 80s\r\nMKS Grafight X black 9/16\r\nSkyway Tuff II Mags white 80s\r\nSuntour freewheel 16t 3/32 chrome 1985\r\nSuntour ZG sealed  bottom bracket\r\nTioga Bear trap 2 headset with acs top cup 80s\r\nViscount Dominator Seat White/black, chrome rails 80s\r\nViscount guts gold 80s", "parts_description": "", "stock": 12, "available": true, "created_at": "2025-10-20T22:30:58.974Z", "updated_at": "2025-10-20T22:30:58.974Z"}}, {"model": "products.product", "pk": 16, "fields": {"product_name": "1986 GT Pro Performer NOS", "product_slug": "1986-gt-pro-performer-nos", "description": "This 1986 GT Pro Performer is a stunning example of a quintessential mid-80s freestyle BMX, meticulously built with an array of period-correct and highly sought-after components. The foundation of this classic build is the American-made GT Pro Performer frame from November 1986, paired with the iconic blue GT Pro Performer fork, a combination that defined the era of freestyle riding.[1] The cockpit features blue GT Pro Performer handlebars fitted with classic white AME Round grips, known for their single bubble font.[2] Steering is handled by a white 1986 GT SR Mallet stem and a silver GT Epoch engraved headset, ensuring a stylish and reliable front end. A complete white Dia Compe braking system provides the stopping power, featuring Tech 5 levers from 1986, a Nippon front caliper, and a 901 rear caliper, all equipped with white 80s Dia Compe brake pads.[3] A revolutionary component for the time, a white Odyssey Gyro detangler with Gen 1 upper and lower cables, allows for endless bar spins without cable interference.[4] The drivetrain is powered by chrome 175mm SR Tubular cranks, a mint silver 43t SR chainring, and a classic white GT Power Disc, all rotating smoothly on a Hatta bottom bracket. Power is transferred to the rear wheel via a white and silver Izumi chain from 1985 and a chrome 16t Suntour freewheel dated November 1986. The bike rolls on iconic white GT OGK mag wheels, shod with white GT Shinko tires.[5][6] Seating is composed of a classic 85/86 white GT seat mounted on a blue GT layback seatpost and secured with a silver and white GT seat clamp. Finishing off this authentic build are white GT Gen 1 fork standers, chrome 80s GT shorty pegs, first-generation silver GT chainring bolts, GT safety washers, a chrome GT locknut, and new blue GT dice valve caps, making this a true collector's piece and a perfect representation of 1980s BMX freestyle culture.", "price": "2800.00", "category": 2, "thumbnail": "products/1986_GT_Pro_Performer.jpeg", "parts": "1986 GT Pro Performer, 🇺🇸 made- Nov 1986\r\nAME Rounds - low flange single bubble font white  \r\nDia Compe 901 rear caliper white 1986 \r\nDia Compe brake pads front & rear white 80s \r\nDia Compe cable ends silver 80s \r\nDia Compe front cable white 6/27/86 \r\nDia Compe lower cable 6/27/86 \r\nDia Compe Nippon front caliper white 1986 \r\nDia Compe Tech 5 levers white1986 \r\nGT chainring bolts gen 1 silver \r\nGT dice caps blue NEW\r\nGT Epoch engraved headset silver \r\nGT Gen 1 fork standers white \r\nGt Layback seatpost blue \r\nGT Locknut chrome \r\nGT OGK mags white \r\nGT Power Disc white \r\nGT Pro Performer fork blue \r\nGT Pro Performer Frame Nov 1986 \r\nGT Pro Performer handlebars blue \r\nGT OG safety washers \r\nGT seat clamp silver/white 85/86 \r\nGT seat white 85/86  \r\nGT Shinko tires white \r\nGT shorty pegs chrome 80s \r\nGT SR Mallet stem white 1986 \r\nHatta Bottom bracket \r\nIzumi chain white/silver 1985 \r\nOdyssey Gyro cable gen 1 lower white \r\nOdyssey Gyro cable gen 1 upper white \r\nOdyssey Gyro white \r\nSR 470 pedals white \r\nSR Chainring 43t silver OG mint\r\nSR Tubular cranks 175mm chrome \r\nSuntour freewheel 16t chrome 11/86", "parts_description": "", "stock": 20, "available": true, "created_at": "2025-10-20T22:42:22.821Z", "updated_at": "2025-10-20T22:42:22.821Z"}}, {"model": "products.product", "pk": 17, "fields": {"product_name": "1987 GT Pro Freestyle Tour Team Model", "product_slug": "1987-gt-pro-freestyle-tour-team-model", "description": "Presenting a pinnacle of 80s freestyle BMX, this 1987 GT Pro Freestyle Tour Team Model captures the vibrant essence of the era in its stunning, original dayglo orange finish.[1] This top-of-the-line machine was designed by and for professional riders and is authentically equipped with a complete, period-correct GT parts package, making it a highly coveted collector's item.[2] The bike rolls on legendary Ukai Speedline wheels, laced to the innovative Gen 1 GT Superlace hubs, a combination engineered for the strength and lightweight performance demanded by the era's top freestylers.[3][4] At the heart of the drivetrain are the robust, genuine GT Power Series cranks, paired with the iconic GT Power Disc and highly sought-after SR SP-474 pedals, ensuring an authentic and reliable riding experience.[5] For dependable stopping power, this classic build is fitted with Dia-Compe Nippon 883 brakes, a popular and effective choice for freestyle bikes of the time.[6][7] This meticulously curated bicycle is a genuine piece of BMX history, representing the quality, innovation, and style that made GT a dominant force in the freestyle scene.[8]", "price": "2500.00", "category": 2, "thumbnail": "products/1987_GT_Pro_Freestyle_Tour_Team_Model.jpeg", "parts": "1987 GT Pro Freestyle tour team model in dayglo orange. All GT parts including Ukai speedline wheels with Gen 1 Superlace hubs. Real GT cranks with SR SP-474 pedals and GT power disc. Nippon 883 to slow her down.", "parts_description": "", "stock": 20, "available": true, "created_at": "2025-10-20T22:49:06.165Z", "updated_at": "2025-10-20T22:49:06.165Z"}}, {"model": "products.product", "pk": 18, "fields": {"product_name": "1987 GT Pro Freestyle Tour Team", "product_slug": "1987-gt-pro-freestyle-tour-team", "description": "Step back in time and own a piece of authentic 80s BMX history with this stunning GT Pro Freestyle Tour in its original, vibrant Maui blue finish. This exceptional example has been meticulously assembled with a top-tier, all-GT-centric component package, making it a dream for any serious collector or vintage enthusiast. The rolling stock is none other than the legendary Ukai Speedline rims, expertly laced to the highly sought-after first-generation GT Superlace hubs and wrapped in original GT tires for a truly authentic look and feel. The drivetrain is powered by the real deal: genuine GT Power Series cranks, complemented by the iconic GT Power Disc and chainring, and paired with the classic grip of SR SP-474 pedals. Control and braking are flawlessly handled by a premium Dia-Compe setup, featuring powerful Nippon calipers modulated by the precision of Dia-Compe Tech 7 levers. This is a rare opportunity to acquire a pristine, investment-grade classic that represents the pinnacle of freestyle design and performance from a golden era.", "price": "2700.00", "category": 2, "thumbnail": "products/1987_GT_Pro_Freestyle_Tour_Team.jpeg", "parts": "Beautiful Maui blue GT!! Superlace Gen 1 hubs laced to Ukai Speedlines,SP-474 pedals, Nippon brakes, Original GT tires, Real deal GT cranks and power disc and chain ring and Tech 7 brake levers.", "parts_description": "", "stock": 30, "available": true, "created_at": "2025-10-20T22:56:04.934Z", "updated_at": "2025-10-20T22:56:04.934Z"}}, {"model": "products.product", "pk": 19, "fields": {"product_name": "1987 GT Pro Freestyle Tour Team Model 87 Dayglo pink", "product_slug": "1987-gt-pro-freestyle-tour-team-model-87-dayglo-pi", "description": "Capture a true icon of BMX history with this investment-grade 1987 GT Pro Freestyle Tour, presented in its stunning and authentic \"REAL DAYGLO PINK\" factory finish. This machine is a time capsule of the era, meticulously built with a complete package of original and highly desirable GT components, making it a premier example for any serious collector. The centerpiece is its legendary wheelset, featuring classic Ukai hoops expertly laced to the coveted first-generation GT Superlace hubs, a combination revered for its strength and style. The drivetrain is pure 80s GT excellence, powered by genuine GT cranks and featuring the unmistakable three-winged GT Power Disc and chainring. This masterpiece is equipped with the correct SR SP-474 pedals and a period-perfect GT seat. Reliable stopping power is provided by the tried-and-true Dia-Compe Nippon 883 brake set. As an all-original-parts build in one of the most sought-after colorways, this dayglo pink beauty represents a rare opportunity to acquire a pinnacle of 80s freestyle design and culture.", "price": "2800.00", "category": 2, "thumbnail": "products/1987_GT_Pro_Freestyle_Tour_Team_Model_87_Dayglo_pink_.jpeg", "parts": "87 Dayglo pink \"REAL DAYGLO PINK\". Nippon 883's, Gt Cranks with GT 3 winged disc and chain ring, Ukai hoops on GT Superlace Gen 1 hubs, GT seat and SR 474 pedals.\r\n\r\n87 dayglo pink beauty with all O.G GT parts.", "parts_description": "", "stock": 15, "available": true, "created_at": "2025-10-20T23:04:05.089Z", "updated_at": "2025-10-20T23:04:05.089Z"}}, {"model": "products.product", "pk": 20, "fields": {"product_name": "1987 GT Pro Freestyle Tour Team Model White", "product_slug": "1987-gt-pro-freestyle-tour-team-model-white", "description": "Every component on this build is a \"real deal,\" period-correct part, just as it would have appeared on the showroom floor in 1987. This commitment to catalog-perfect detail makes this bicycle a standout investment and a true holy grail for enthusiasts. From the wheels to the cranks, every element has been carefully sourced and assembled to recreate the ultimate factory-fresh experience. What else can you say? This is the definitive 1987 Team Model, reborn. It represents a rare opportunity to own a flawless, investment-grade example of one of the most iconic and influential freestyle bikes ever produced, ready to be the centerpiece of any premier collection.", "price": "2500.00", "category": 2, "thumbnail": "products/1987_GT_Pro_Freestyle_Tour_Team_Model_White.jpeg", "parts": "What else can you say?..87 Team model restored to catalog specifications. Powdered white and all real deal parts.", "parts_description": "", "stock": 23, "available": true, "created_at": "2025-10-20T23:11:36.226Z", "updated_at": "2025-10-20T23:11:36.226Z"}}, {"model": "products.product", "pk": 21, "fields": {"product_name": "1987 GT Pro Freestyle Tour Team Model Black", "product_slug": "1987-gt-pro-freestyle-tour-team-model-black", "description": "Black beauty with all GT bling.\r\n\r\n87 GT PFT with all the GT goodies. Black and chrome  could be my new favorite color on this model.", "price": "2600.00", "category": 2, "thumbnail": "products/Black_beauty_with_all_GT_bling..jpeg", "parts": "Black beauty with all GT bling.\r\n\r\n87 GT PFT with all the GT goodies. Black and chrome  could be my new favorite color on this model.", "parts_description": "", "stock": 24, "available": true, "created_at": "2025-10-20T23:23:26.054Z", "updated_at": "2025-10-20T23:23:26.054Z"}}, {"model": "products.product", "pk": 22, "fields": {"product_name": "1987 Redline RL-20II Radberry Redline RL20II", "product_slug": "1987-redline-rl-20ii-radberry-redline-rl20ii", "description": "This show-stopping build is a tribute to the golden age of BMX freestyle, meticulously assembled with an incredible collection of authentic, new-old-stock (NOS), and iconic vintage parts. The foundation is an original Radberry frame, a color made famous by Redline, paired with painted Forklifter freestyle bars for that classic 80s look.[1][2] It boasts a NOS Radberry Forklifter stem, a component from Redline's first dedicated freestyle collection, and legendary Redline full wrap 401 cranks with a smooth tecmatic bottom bracket.[3][4] The rolling stock is a set of vibrant NOS Peregrine master wheels in matching Radberry, wrapped in period-correct NOS Panaracer freestyle tires, which were original equipment on iconic bikes like the Redline RL 20 II Prostyler.[5][6] For reliable stopping power, it features chrome Nippon 883 brakes controlled by Tech 4 levers, a popular setup from the era.[7][8] The cockpit is completed with a highly sought-after NOS Elina Flyte Tech seat, the original saddle for the Redline RL 20 II Prostyler, and a durable Peregrine seat post clamp.[9][10] This thoughtfully curated bicycle is a pristine example of BMX history, perfect for any serious collector or enthusiast.", "price": "2400.00", "category": 1, "thumbnail": "products/1987_Redline_RL-20II.jpeg", "parts": "Original Radberry frame with painted Forklifter freestyle bars.Peregrine seat post clamp, NOS Radberry Forklifter stem, Redline full wrap 401's with tecmatic bottom bracket, Nippon chrome 883 brakes with tech 4 levers. NOS Peregrine master wheels in Radberry,Wrapped in Panaracer freestyle tires(NOS) and a NOS Elina Flyte Tech seat.", "parts_description": "", "stock": 23, "available": true, "created_at": "2025-10-20T23:33:53.731Z", "updated_at": "2025-10-20T23:33:53.731Z"}}, {"model": "products.product", "pk": 23, "fields": {"product_name": "1987 Redline RL-20II 87 Cali red RL20II", "product_slug": "1987-redline-rl-20ii-87-cali-red-rl20ii", "description": "This restored \"California Red\" 1986 Redline RL-20II is a stunning tribute to BMX freestyle icon RL Osborn and his legendary ride featured in the cult classic movie \"Rad\".[1][2] Built to be a meticulous replica, this bike captures the essence of the machine that defined an era of freestyle innovation. The RL-20II was Redline's top-of-the-line trick bike, engineered for the serious freestyle artist with features like twin top tubes, integral chainstay platforms, and an ultra-strong tapered chromoly fork.[3] This particular model year is celebrated for its iconic \"California Red\" colorway, a fan favorite from the 1986 lineup.[4][5] Every detail has been carefully considered to mirror Osborn's setup, celebrating the style and legacy of one of the sport's true pioneers on a frame that set new standards for design and quality in the golden age of BMX.[3][6]", "price": "2400.00", "category": 1, "thumbnail": "products/1987_Redline_RL-20II_87_Cali_red_RL20II.jpeg", "parts": "Restored Cali red RL20II. Made to duplicate RL Osbourn in the Redline ad.", "parts_description": "", "stock": 15, "available": true, "created_at": "2025-10-20T23:43:03.393Z", "updated_at": "2025-10-20T23:43:03.393Z"}}, {"model": "products.product", "pk": 24, "fields": {"product_name": "1987 Dyno Pro Compe Team", "product_slug": "1987-dyno-pro-compe-team", "description": "This 1987 Dyno Pro Compe Team is a truly remarkable survivor, offering a rare glimpse into the golden age of BMX freestyle. Retaining its original paint, cables, and decals, this bike is a time capsule meticulously outfitted with original GT and Dyno components. A standout feature is the revolutionary Spin Tech gyro detangler system, which is in perfect working order.[1][2] This build is a faithful recreation of the exact bike tested and featured in the November 1987 issue of BMX Plus! magazine, a testament to its historical accuracy and significance.[1] It's loaded with highly sought-after parts from the era, including first-generation GT Superlace wheels, Dia-Compe Tech 7 levers, and GT standers on the frame and forks.[3][4][5] The setup is completed with GT tube ride pegs, classic SR-474 pedals, a durable Epoch headset, and the incredibly rare aluminum \"cheese grater\" sprocket, making this an exceptional and very attractive piece for any serious collector.[6]", "price": "2500.00", "category": 5, "thumbnail": "products/1987_Dyno_Pro_Compe_Team.jpeg", "parts": "Dyno Pro Compe Team\r\n\r\n1987 Dyno Pro Compe Team. Original paint, cables and decals, this Dyno rocks all OG GT and Dyno parts. Original Spin Tech system works perfect. Survivor with some restored parts, Superlace gen 1, Tech 7, GT standers all around, GT tube ride pegs, SR-474 pedals, epoch headset and the rare aluminum cheese grater, this was built to the exact same specs as the test bike in the November 1987 BMX plus issue. Very rare bike.", "parts_description": "", "stock": 14, "available": true, "created_at": "2025-10-20T23:54:02.521Z", "updated_at": "2025-10-20T23:54:02.521Z"}}, {"model": "products.product", "pk": 25, "fields": {"product_name": "1985 Hutch Judge", "product_slug": "1985-hutch-judge", "description": "This Hutch build is a stunning, no-expense-spared tribute to 1980s BMX racing royalty, centered around the iconic Tim Judge Series frame and fork.[1] Every component is a period-correct, top-shelf selection, creating a \"dream bike\" for any serious collector. The cockpit is pure Hutch, featuring their sought-after handlebars, stem, grips, seat post, and seat clamp, all secured with a Hutch head lock. The legendary Hutch Aerospeed cranks are paired with an Aerospeed disc and Hutch pedals, creating the ultimate drivetrain from the era.[2] The wheelset is a classic combination of Araya 7x rims laced to Hutch hubs with Hutch Radkaps and wrapped in Hutch Mudplugger tires, a setup coveted for its strength and lightweight performance.[3] Stopping power is provided by the revered Dia-Compe MX 1000 rear brake and a Tech 3 lever.[4] Finishing touches include a Tange 320 chrome headset, a durable Izumi chain, a Takagi chainring, and a rare 1984-dated Kashimax Aero seat, making this an incredibly authentic and highly desirable piece of BMX history.", "price": "3700.00", "category": 3, "thumbnail": "products/1985_Hutch_Judge.jpeg", "parts": "Hutch Tim Judge Series frame\r\nHutch Judge fork\r\nHutch handlebars\r\nHutch seatpost\r\nHutch seatclamp\r\nHutch stem\r\nHutch padset\r\nHutch head lock\r\nHutch grips\r\nHutch 1984 dated kashimax aero seat\r\nHutch hubs\r\nHutch mudplugger tires \r\nHutch radkaps\r\nHutch pedals\r\nHutch aerospeed cranks\r\nHutch aerospeed disc\r\nDia compe tech 3 lever\r\nDia compe cable\r\nDia compe MX 1000 rear brake\r\nAraya 7x rims\r\nTakagi chainring\r\nIzumi chain\r\nTange 320 chrome headset", "parts_description": "", "stock": 20, "available": true, "created_at": "2025-10-21T00:12:17.764Z", "updated_at": "2025-10-21T00:12:17.764Z"}}, {"model": "products.product", "pk": 26, "fields": {"product_name": "1985 Hutch Judge Tim", "product_slug": "1985-hutch-judge-tim", "description": "This Hutch Tim Judge Series build is a masterclass in old-school BMX perfection, a top-tier assembly for the serious collector. The foundation is the legendary Tim Judge signature frame and fork, a combination that defined performance and style in the early 1980s.[1][2] This bike is decked out almost exclusively with iconic Hutch components, including the handlebars, stem, seat post, and seat clamp, all secured with a Hutch head lock for added strength and a cohesive look. The legendary Hutch Aerospeed cranks, paired with the distinctive Aerospeed disc, provide a lightweight and powerful drivetrain, complemented by sought-after Hutch pedals.[3]\r\n\r\nThe wheelset is a stunning pairing of brilliant chrome Ukai rims laced to high-flange Hutch hubs, a classic combination for both racing and freestyle. These are wrapped in Hutch Mudplugger tires and finished with Hutch Radkaps, completing the authentic factory look. Braking is handled by the venerable Dia-Compe MX 1000 caliper, arguably the most popular brake of the 1980s, paired with a Dia-Compe Tech 3 lever for reliable stopping power.[4][5] This incredible build is topped off with a period-correct Kashimax Aero seat, a durable Izumi chain, a high-quality Takagi chainring, and a smooth Tange 320 chrome headset. With the addition of a Hutch Flite padset and Hutch grips, this machine is a flawless representation of a golden era in BMX history.", "price": "3500.00", "category": 3, "thumbnail": "products/1985_Hutch_Judge0.jpeg", "parts": "Hutch Tim Judge Series frame\r\nHutch Judge fork\r\nHutch handlebars\r\nHutch seatpost\r\nHutch seatclamp\r\nHutch stem\r\nHutch flite padset\r\nHutch head lock\r\nHutch grips\r\nHutch hubs\r\nHutch mudplugger tires \r\nHutch radkaps\r\nHutch pedals\r\nHutch aerospeed cranks\r\nHutch aerospeed disc\r\nKashimax aero seat\r\nDia compe tech 3 lever\r\nDia compe cable\r\nDia compe MX 1000 rear brake\r\nUkai chrome rims\r\nTakagi chainring\r\nIzumi chain\r\nTange 320 chrome headset", "parts_description": "", "stock": 23, "available": true, "created_at": "2025-10-21T00:25:07.044Z", "updated_at": "2025-10-21T00:25:07.044Z"}}, {"model": "products.product", "pk": 27, "fields": {"product_name": "92 Dyno detour splat", "product_slug": "92-dyno-detour-splat", "description": "A true collector's item for BMX enthusiasts, the 1992 Dyno Detour in the iconic \"Splat\" design is a vibrant piece of freestyle history. This vintage bike captures the bold aesthetics of the early '90s with its eye-catching dayglo orange splatter paint job.[1][2][3]\r\n\r\nThe Dyno Detour was a popular choice for aspiring freestyle riders, known for its durable construction and stylish design. This particular model year is sought after by collectors for its unique and expressive graphics. While specific components may vary on surviving models, the 1992 Dyno Detour often featured parts from parent company GT Bicycles.\r\nThis 20-inch BMX bike is a unisex adult model, perfect for reliving the glory days of freestyle BMX or as a standout piece in any vintage bike collection. The frame's geometry was designed for flatland and street riding, offering a responsive and agile feel.\r\nWhether you're a seasoned collector or a new admirer of vintage BMX culture, the 1992 Dyno Detour \"Splat\" is a testament to a colorful and exciting era in bicycling. Its rarity and distinct look make it a prized possession for anyone passionate about the history of the sport.", "price": "2400.00", "category": 5, "thumbnail": "products/92_Dyno_detour_splat.jpeg", "parts": "Cranks: GT Power Series 3-piece cranks are a solid and appropriate choice.\r\n\r\n    Sprocket: A GT Powerdisc or a Dyno-stamped chainring with around 43 teeth would be a great fit.\r\n\r\n    Pedals: Black GT platform pedals were a common sight on these bikes and offer a great combination of grip and durability.\r\n\r\n    Chain: A black or chrome KMC chain will complete the drivetrain.", "parts_description": "", "stock": 12, "available": true, "created_at": "2025-10-21T21:53:51.695Z", "updated_at": "2025-10-21T21:53:51.695Z"}}, {"model": "products.product", "pk": 28, "fields": {"product_name": "1990 SE Racing P.K. Ripper", "product_slug": "1990-se-racing-pk-ripper", "description": "Presenting a meticulously crafted tribute to a classic race bike, this is an original 1990 SE Racing PK Ripper from the very first year of this iconic model. This collector's piece is defined by its sought-after first-generation features, including the two-hole Landing Gear fork and the frame's bottom mount for the included Pitbull brake. The build is a time capsule of top-tier, all-original 1990 components, featuring knurled SE Racing bars and seatpost, a DK stem, and GT cranks. The wheelset is a stunning combination of Araya Super 7X chrome rims laced to first-generation high-flange Crupi hubs and wrapped in classic Comp III tires. No detail was overlooked in this authentic build, which also includes a rare 1989 Selle Turbo perforated titanium rail seat, first-gen Profile Ripsaw sprocket, vintage Crupi pedals, and a host of VG original parts, making it a truly exceptional example of BMX history.", "price": "3200.00", "category": 15, "thumbnail": "products/1990_SE_Racing_P.K._Ripper.jpeg", "parts": "This is a 1990 Pk Ripper first year of this model with the 2 hole fork and the bottom mount for pitbull brakes.. Built as a tribute to my last race bike. All 1990 OG parts!\r\n\r\nPk ripper frame\r\nLanding gear fork\r\nSe racing knurled Bars\r\nSe racing knurled Seatpost \r\nSe racing padset\r\nAme tri grips bubblefont\r\nVG OG lever\r\nVG OG seatguts\r\nVG OG headlock \r\nVg OG bomberang \r\nPutbull brake\r\nTurbo selle perforated 1989 ti rail seat \r\nDk stem\r\nGt sealed headset\r\nGt cranks\r\nDouble deez bottom bracket\r\nCrupi gen 2 square ti spindle pedals\r\nProfile ripsaw first Gen sprocket\r\nAraya chrome super 7X\r\nHigh flange first Gen crupi hubs\r\nComp III tires \r\nJive air caps\r\nIzumi Chain\r\nRon C dust skirt", "parts_description": "", "stock": 20, "available": true, "created_at": "2025-10-21T22:13:45.358Z", "updated_at": "2025-10-21T22:13:45.358Z"}}, {"model": "products.product", "pk": 29, "fields": {"product_name": "1985 JMC Racing Darrell Young", "product_slug": "1985-jmc-racing-darrell-young", "description": "Presenting a rare and highly sought-after JMC Darrell Young signature build, this period-correct masterpiece is a pristine example of BMX history. The bike is built around the complete Darrell Young Design Signature Series frame, fork, bars, and 16\" seatpost, and includes the original JMC Flite padset. This collector's dream is outfitted with iconic components, including a Tuf Neck Pro Model stem, Ame Unitron grips, a full Dia-Compe braking system, and a Cyclepro Shotgun seat. The drivetrain is a showcase of legends, featuring early Odyssey-made Profile Gen 3 cranks and sought-after Hutch pedals. It all rolls on a stunning wheelset of Araya 7X rims laced to incredibly rare SST hubs with original hardware, wrapped in classic skinny Cyclepro Snakebelly tires, making this an ultimate tribute for any serious vintage BMX enthusiast.", "price": "2500.00", "category": 16, "thumbnail": "products/1985_JMC_Racing_Darrell_Young.jpeg", "parts": "Jmc Darrell Young frame\r\nJMC Darrell Young Fork\r\nJMC Darrell Young Bars\r\nJMC 16\" seatpost\r\nJMC Flite OG padset\r\nAme unitrin Grips\r\nTuf neck pro model stem\r\nTange lp 125 headset\r\nCyclepro shotgun seat\r\nDia compe tech 3 lever\r\nDia compe mx 1000 caliper \r\nDia compe cable \r\nSkyway pro brake pads\r\nAcme chain\r\nOdyssey made Profile Gen 3 cranks\r\nProfile 130 spider\r\nTakagi chainring\r\nSugino anno chainring bolts\r\nHutch pedals\r\nCyclepro snakebelly tires skinny/skinny\r\nAraya 7x rims\r\nSST real second all OG hardware hubs", "parts_description": "", "stock": 12, "available": true, "created_at": "2025-10-22T08:31:56.675Z", "updated_at": "2025-10-22T08:31:56.675Z"}}, {"model": "products.product", "pk": 30, "fields": {"product_name": "1979 Race Inc. RA-7", "product_slug": "1979-race-inc-ra-7", "description": "I got this great frame and forks pre media blasted from a buddy I haven’t seen since high school. Gave it a fresh powder coat of Peek-a-blue at Kinetic Powder Coating and started throwing parts at it.", "price": "2000.00", "category": 16, "thumbnail": "products/1979_Race_Inc._RA-7_1.jpeg", "parts": "Profile Racing Imperial chainring\r\nRedline Flight cranks in candy red powder.\r\nCrupi anodized Pedals\r\nDiaCompe MX1000 brake with Tech 3 lever\r\nSkyway Candy Blue handlebars with red AME cam grips\r\nKashimax Aero seat\r\nSE racing anodized wheels with Comp 3 skin wall tires\r\nRed Seiki Hedset\r\nDiaCompe MX post clamp and KMC Z chain.", "parts_description": "", "stock": 12, "available": true, "created_at": "2025-10-22T22:51:10.991Z", "updated_at": "2025-10-22T22:51:10.991Z"}}, {"model": "products.product", "pk": 31, "fields": {"product_name": "1983 Diamond Back Silver Streak", "product_slug": "1983-diamond-back-silver-streak", "description": "For sale is a classic 1983 Diamondback Silver Streak, a legendary BMX bike that defined an era of racing and freestyle riding. This iconic model is celebrated for its stunning fully chrome-plated 4130 chromoly frame and fork, which offer both timeless style and the durability that made Diamondback a top name in BMX. Perfect for collectors, vintage BMX enthusiasts, or anyone wanting to own a piece of biking history, this Silver Streak captures the essence of early '80s craftsmanship and performance, making it a standout piece for display or restoration.", "price": "2200.00", "category": 4, "thumbnail": "products/83_Diamondback_Silver_Streak.jpeg", "parts": "Frame/Fork:Chromoly, chrome-plated\r\n\r\n    Handlebars: Diamondback chromoly bars\r\n\r\n    Brakes: Dia-Compe MX series brake", "parts_description": "", "stock": 12, "available": true, "created_at": "2025-10-22T23:00:33.373Z", "updated_at": "2025-10-22T23:00:33.373Z"}}, {"model": "products.product", "pk": 32, "fields": {"product_name": "1984 Haro Freestyler", "product_slug": "1984-haro-freestyler", "description": "Available for purchase is the legendary 1984 Haro Freestyler, a revolutionary bike that holds a permanent place in BMX history as the first dedicated frame and fork designed specifically for freestyle riding. Conceived by the \"Father of Freestyle\" himself, Bob Haro, this first-generation model is the holy grail for collectors and enthusiasts, representing the very birth of a new discipline. Its groundbreaking twin top-tube design and masterful geometry were engineered for flatland tricks and ramp riding, making it the ultimate status symbol of the era. This is a rare opportunity to own a true icon and a foundational piece of action sports culture, perfect as the centerpiece for any serious vintage BMX collection.", "price": "2000.00", "category": 6, "thumbnail": "products/1984_Haro_Freestyler.jpeg", "parts": "Frame/Fork: Haro Freestyler \r\n\r\n    Wheels: Skyway Tuff Wheel IIs (the most iconic pairing)\r\n\r\n    Brakes: Dia-Compe MX900 or MX1000 calipers with Tech 3 levers\r\n\r\n    Saddle: Dominator or Kashimax Aero seat", "parts_description": "", "stock": 30, "available": true, "created_at": "2025-10-22T23:10:17.889Z", "updated_at": "2025-10-22T23:10:17.889Z"}}, {"model": "products.product", "pk": 33, "fields": {"product_name": "1983 Skyway TA Freestyle survivor", "product_slug": "1983-skyway-ta-freestyle-survivor", "description": "This Skyway is OG except for the tires. Has the super rare Skyway bolt on frame stander, ACS stem and generation 1 rotor, Skyway pegs and Powerlite XT power bend Freestyle bars, Pro Neck Snake seatpost with a Xcaliber seat clamp, Skyway Tuff II metal flange wheels with Profile cranks and spider dated 1983. Bought from original owner. Very rare piece of Freestyle history", "price": "2500.00", "category": 8, "thumbnail": "products/1983_Skyway_TA_Freestyle_survivor.jpeg", "parts": "Frame/Fork: Skyway with a bolt-on frame stander\r\n\r\n    Wheels: Skyway Tuff II metal flange wheels\r\n\r\n    Stem: ACS stem\r\n\r\n    Rotor/Gyro: ACS Generation 1 Rotor\r\n\r\n    Pegs: Skyway pegs\r\n\r\n    Handlebars: Powerlite XT \"Power Bend\" Freestyle bars\r\n\r\n    Seatpost: Pro Neck \"Snake\" seatpost\r\n\r\n    Seat Clamp: Xcaliber seat clamp\r\n\r\n    Cranks: Profile cranks \r\n\r\n    Spider: Profile spider", "parts_description": "", "stock": 12, "available": true, "created_at": "2025-10-22T23:17:39.259Z", "updated_at": "2025-10-22T23:17:39.259Z"}}, {"model": "products.product", "pk": 34, "fields": {"product_name": "1985 Redline Prostyler", "product_slug": "1985-redline-prostyler", "description": "Prostyler in teal \r\nThis 85 Teal Prostyler has a couple upgraded", "price": "2700.00", "category": 1, "thumbnail": "products/1985_Redline_Prostyler.jpeg", "parts": "parts including Flight cranks and Forklifter freestyle bars and the rare NOS rear Redline frame standers.", "parts_description": "", "stock": 23, "available": true, "created_at": "2025-10-22T23:23:58.291Z", "updated_at": "2025-10-22T23:23:58.291Z"}}, {"model": "products.product", "pk": 35, "fields": {"product_name": "1985 GT Pro World Tour in Green!", "product_slug": "1985-gt-pro-world-tour-in-green", "description": "", "price": "1800.00", "category": 2, "thumbnail": "products/1985_GT_Pro_World_Tour.jpeg", "parts": "All parts are NOS or restored 100% GT. Tuff wheels with original green GT tires, NOS GT fold down fork pegs and a very hard to find green GT seat.", "parts_description": "", "stock": 23, "available": true, "created_at": "2025-10-22T23:38:01.341Z", "updated_at": "2025-10-22T23:41:40.522Z"}}, {"model": "products.product", "pk": 36, "fields": {"product_name": "2019 GT Pro Performer 26", "product_slug": "2019-gt-pro-performer-26", "description": "Mint never ridden GT Pro\r\nPerformer 26. Very rare color and has original owners manual.", "price": "1500.00", "category": 2, "thumbnail": "products/2019_GT_Pro_Performer_26.jpeg", "parts": "", "parts_description": "", "stock": 23, "available": true, "created_at": "2025-10-22T23:46:47.292Z", "updated_at": "2025-10-22T23:46:47.292Z"}}, {"model": "products.productimage", "pk": 1, "fields": {"product": 1, "image": "products/pk1.jpeg", "alt_text": "pk ripper 1"}}, {"model": "products.productimage", "pk": 2, "fields": {"product": 1, "image": "products/pk2.jpeg", "alt_text": "pk ripper 2"}}, {"model": "products.productimage", "pk": 3, "fields": {"product": 1, "image": "products/pk3.jpeg", "alt_text": "pk ripper 3"}}, {"model": "products.productimage", "pk": 4, "fields": {"product": 1, "image": "products/pk4.jpeg", "alt_text": "pk ripper 4"}}, {"model": "products.productimage", "pk": 5, "fields": {"product": 2, "image": "products/1984_GT_Pro__Series1.jpeg", "alt_text": "1984 GT Pro  Series1"}}, {"model": "products.productimage", "pk": 6, "fields": {"product": 2, "image": "products/1984_GT_Pro__Series2.jpeg", "alt_text": "1984 GT Pro  Series2"}}, {"model": "products.productimage", "pk": 7, "fields": {"product": 2, "image": "products/1984_GT_Pro__Series3.jpeg", "alt_text": "1984 GT Pro  Series3"}}, {"model": "products.productimage", "pk": 8, "fields": {"product": 2, "image": "products/1984_GT_Pro__Series5.jpeg", "alt_text": "1984 GT Pro  Series4"}}, {"model": "products.productimage", "pk": 9, "fields": {"product": 2, "image": "products/1984_GT_Pro__Series6.jpeg", "alt_text": "1984 GT Pro  Series4"}}, {"model": "products.productimage", "pk": 10, "fields": {"product": 2, "image": "products/1984_GT_Pro__Series7.jpeg", "alt_text": "1984 GT Pro  Series6"}}, {"model": "products.productimage", "pk": 11, "fields": {"product": 3, "image": "products/hutch1.jpeg", "alt_text": null}}, {"model": "products.productimage", "pk": 12, "fields": {"product": 3, "image": "products/hutch2.jpeg", "alt_text": null}}, {"model": "products.productimage", "pk": 13, "fields": {"product": 3, "image": "products/hutch3.jpeg", "alt_text": null}}, {"model": "products.productimage", "pk": 14, "fields": {"product": 3, "image": "products/hutch4.jpeg", "alt_text": null}}, {"model": "products.productimage", "pk": 15, "fields": {"product": 3, "image": "products/hutch5.jpeg", "alt_text": null}}, {"model": "products.productimage", "pk": 16, "fields": {"product": 4, "image": "products/1987_GT_Performer1.jpeg", "alt_text": null}}, {"model": "products.productimage", "pk": 17, "fields": {"product": 4, "image": "products/1987_GT_Performer2.jpeg", "alt_text": null}}, {"model": "products.productimage", "pk": 18, "fields": {"product": 4, "image": "products/1987_GT_Performer3.jpeg", "alt_text": null}}, {"model": "products.productimage", "pk": 19, "fields": {"product": 4, "image": "products/1987_GT_Performer4.jpeg", "alt_text": null}}, {"model": "products.productimage", "pk": 20, "fields": {"product": 4, "image": "products/1987_GT_Performer5.jpeg", "alt_text": null}}, {"model": "products.productimage", "pk": 21, "fields": {"product": 5, "image": "products/Diamondback1.jpeg", "alt_text": null}}, {"model": "products.productimage", "pk": 22, "fields": {"product": 5, "image": "products/Diamondback2.jpeg", "alt_text": null}}, {"model": "products.productimage", "pk": 23, "fields": {"product": 5, "image": "products/Diamondback3.jpeg", "alt_text": null}}, {"model": "products.productimage", "pk": 24, "fields": {"product": 5, "image": "products/Diamondback4.jpeg", "alt_text": null}}, {"model": "products.productimage", "pk": 25, "fields": {"product": 5, "image": "products/Diamondback5.jpeg", "alt_text": null}}, {"model": "products.productimage", "pk": 26, "fields": {"product": 5, "image": "products/Diamondback6.jpeg", "alt_text": null}}, {"model": "products.productimage", "pk": 27, "fields": {"product": 5, "image": "products/Diamondback7.jpeg", "alt_text": null}}, {"model": "products.productimage", "pk": 28, "fields": {"product": 6, "image": "products/1982_Hutch_Pro_Racer1.jpeg", "alt_text": null}}, {"model": "products.productimage", "pk": 29, "fields": {"product": 6, "image": "products/1982_Hutch_Pro_Racer2.jpeg", "alt_text": null}}, {"model": "products.productimage", "pk": 30, "fields": {"product": 6, "image": "products/1982_Hutch_Pro_Racer3.jpeg", "alt_text": null}}, {"model": "products.productimage", "pk": 31, "fields": {"product": 6, "image": "products/1982_Hutch_Pro_Racer4.jpeg", "alt_text": null}}, {"model": "products.productimage", "pk": 32, "fields": {"product": 7, "image": "products/1984_Hutch_Pro_Star1.jpeg", "alt_text": null}}, {"model": "products.productimage", "pk": 33, "fields": {"product": 7, "image": "products/1984_Hutch_Pro_Star2.jpeg", "alt_text": null}}, {"model": "products.productimage", "pk": 34, "fields": {"product": 7, "image": "products/1984_Hutch_Pro_Star3.jpeg", "alt_text": null}}, {"model": "products.productimage", "pk": 35, "fields": {"product": 7, "image": "products/1984_Hutch_Pro_Star4.jpeg", "alt_text": null}}, {"model": "products.productimage", "pk": 36, "fields": {"product": 7, "image": "products/1984_Hutch_Pro_Star5.jpeg", "alt_text": null}}, {"model": "products.productimage", "pk": 37, "fields": {"product": 7, "image": "products/1984_Hutch_Pro_Star6.jpeg", "alt_text": null}}, {"model": "products.productimage", "pk": 38, "fields": {"product": 8, "image": "products/1983_SE_Racing_Quadangle1.jpeg", "alt_text": null}}, {"model": "products.productimage", "pk": 39, "fields": {"product": 8, "image": "products/1983_SE_Racing_Quadangle2.jpeg", "alt_text": null}}, {"model": "products.productimage", "pk": 40, "fields": {"product": 8, "image": "products/1983_SE_Racing_Quadangle3.jpeg", "alt_text": null}}, {"model": "products.productimage", "pk": 41, "fields": {"product": 8, "image": "products/1983_SE_Racing_Quadangle4.jpeg", "alt_text": null}}, {"model": "products.productimage", "pk": 42, "fields": {"product": 8, "image": "products/1983_SE_Racing_Quadangle5.jpeg", "alt_text": null}}, {"model": "products.productimage", "pk": 43, "fields": {"product": 8, "image": "products/1983_SE_Racing_Quadangle6.jpeg", "alt_text": null}}, {"model": "products.productimage", "pk": 44, "fields": {"product": 9, "image": "products/1982_SE_Racing_P.K._Ripper1.jpeg", "alt_text": null}}, {"model": "products.productimage", "pk": 45, "fields": {"product": 9, "image": "products/1982_SE_Racing_P.K._Ripper2.jpeg", "alt_text": null}}, {"model": "products.productimage", "pk": 46, "fields": {"product": 9, "image": "products/1982_SE_Racing_P.K._Ripper3.jpeg", "alt_text": null}}, {"model": "products.productimage", "pk": 47, "fields": {"product": 9, "image": "products/1982_SE_Racing_P.K._Ripper4.jpeg", "alt_text": null}}, {"model": "products.productimage", "pk": 48, "fields": {"product": 9, "image": "products/1982_SE_Racing_P.K._Ripper5.jpeg", "alt_text": null}}, {"model": "products.productimage", "pk": 49, "fields": {"product": 9, "image": "products/1982_SE_Racing_P.K._Ripper6.jpeg", "alt_text": null}}, {"model": "products.productimage", "pk": 50, "fields": {"product": 9, "image": "products/1982_SE_Racing_P.K._Ripper7.jpeg", "alt_text": null}}, {"model": "products.productimage", "pk": 51, "fields": {"product": 10, "image": "products/1981_SE_Racing_P.K._Ripper1.jpeg", "alt_text": null}}, {"model": "products.productimage", "pk": 52, "fields": {"product": 10, "image": "products/1981_SE_Racing_P.K._Ripper2.jpeg", "alt_text": null}}, {"model": "products.productimage", "pk": 53, "fields": {"product": 10, "image": "products/1981_SE_Racing_P.K._Ripper3.jpeg", "alt_text": null}}, {"model": "products.productimage", "pk": 54, "fields": {"product": 10, "image": "products/1981_SE_Racing_P.K._Ripper4.jpeg", "alt_text": null}}, {"model": "products.productimage", "pk": 55, "fields": {"product": 10, "image": "products/1981_SE_Racing_P.K._Ripper5.jpeg", "alt_text": null}}, {"model": "products.productimage", "pk": 56, "fields": {"product": 10, "image": "products/1981_SE_Racing_P.K._Ripper6.jpeg", "alt_text": null}}, {"model": "products.productimage", "pk": 57, "fields": {"product": 10, "image": "products/1981_SE_Racing_P.K._Ripper7.jpeg", "alt_text": null}}, {"model": "products.productimage", "pk": 58, "fields": {"product": 10, "image": "products/1981_SE_Racing_P.K._Ripper8.jpeg", "alt_text": null}}, {"model": "products.productimage", "pk": 61, "fields": {"product": 13, "image": "products/Adobe_Express_-_file1.jpg", "alt_text": null}}, {"model": "products.productimage", "pk": 62, "fields": {"product": 13, "image": "products/Adobe_Express_-_file2.jpg", "alt_text": null}}, {"model": "products.productimage", "pk": 63, "fields": {"product": 13, "image": "products/Adobe_Express_-_file3.jpg", "alt_text": null}}, {"model": "products.productimage", "pk": 64, "fields": {"product": 13, "image": "products/Adobe_Express_-_file4.jpg", "alt_text": null}}, {"model": "products.productimage", "pk": 65, "fields": {"product": 13, "image": "products/Adobe_Express_-_file5.jpg", "alt_text": null}}, {"model": "products.productimage", "pk": 66, "fields": {"product": 14, "image": "products/1986_Haro_Master1.jpeg", "alt_text": null}}, {"model": "products.productimage", "pk": 67, "fields": {"product": 14, "image": "products/1986_Haro_Master2.jpeg", "alt_text": null}}, {"model": "products.productimage", "pk": 68, "fields": {"product": 14, "image": "products/1986_Haro_Master3.jpeg", "alt_text": null}}, {"model": "products.productimage", "pk": 69, "fields": {"product": 14, "image": "products/1986_Haro_Master4.jpeg", "alt_text": null}}, {"model": "products.productimage", "pk": 70, "fields": {"product": 14, "image": "products/1986_Haro_Master5.jpeg", "alt_text": null}}, {"model": "products.productimage", "pk": 71, "fields": {"product": 14, "image": "products/1986_Haro_Master6.jpeg", "alt_text": null}}, {"model": "products.productimage", "pk": 72, "fields": {"product": 15, "image": "products/1986_Haro_Master_Dec_19851.jpeg", "alt_text": null}}, {"model": "products.productimage", "pk": 73, "fields": {"product": 15, "image": "products/1986_Haro_Master_Dec_19852.jpeg", "alt_text": null}}, {"model": "products.productimage", "pk": 74, "fields": {"product": 15, "image": "products/1986_Haro_Master_Dec_19853.jpeg", "alt_text": null}}, {"model": "products.productimage", "pk": 75, "fields": {"product": 15, "image": "products/1986_Haro_Master_Dec_19854.jpeg", "alt_text": null}}, {"model": "products.productimage", "pk": 76, "fields": {"product": 15, "image": "products/1986_Haro_Master_Dec_19855.jpeg", "alt_text": null}}, {"model": "products.productimage", "pk": 77, "fields": {"product": 15, "image": "products/1986_Haro_Master_Dec_19856.jpeg", "alt_text": null}}, {"model": "products.productimage", "pk": 78, "fields": {"product": 15, "image": "products/1986_Haro_Master_Dec_19857.jpeg", "alt_text": null}}, {"model": "products.productimage", "pk": 79, "fields": {"product": 15, "image": "products/1986_Haro_Master_Dec_19858.jpeg", "alt_text": null}}, {"model": "products.productimage", "pk": 80, "fields": {"product": 15, "image": "products/1986_Haro_Master_Dec_19859.jpeg", "alt_text": null}}, {"model": "products.productimage", "pk": 81, "fields": {"product": 15, "image": "products/1986_Haro_Master_Dec_198510.jpeg", "alt_text": null}}, {"model": "products.productimage", "pk": 82, "fields": {"product": 16, "image": "products/1986_GT_Pro_Performer1.jpeg", "alt_text": null}}, {"model": "products.productimage", "pk": 83, "fields": {"product": 16, "image": "products/1986_GT_Pro_Performer2.jpeg", "alt_text": null}}, {"model": "products.productimage", "pk": 84, "fields": {"product": 16, "image": "products/1986_GT_Pro_Performer3.jpeg", "alt_text": null}}, {"model": "products.productimage", "pk": 85, "fields": {"product": 16, "image": "products/1986_GT_Pro_Performer4.jpeg", "alt_text": null}}, {"model": "products.productimage", "pk": 86, "fields": {"product": 16, "image": "products/1986_GT_Pro_Performer5.jpeg", "alt_text": null}}, {"model": "products.productimage", "pk": 87, "fields": {"product": 16, "image": "products/1986_GT_Pro_Performer6.jpeg", "alt_text": null}}, {"model": "products.productimage", "pk": 88, "fields": {"product": 16, "image": "products/1986_GT_Pro_Performer7.jpeg", "alt_text": null}}, {"model": "products.productimage", "pk": 89, "fields": {"product": 17, "image": "products/1987_GT_Pro_Freestyle_Tour_Team_Model1.jpeg", "alt_text": null}}, {"model": "products.productimage", "pk": 90, "fields": {"product": 17, "image": "products/1987_GT_Pro_Freestyle_Tour_Team_Model2.jpeg", "alt_text": null}}, {"model": "products.productimage", "pk": 91, "fields": {"product": 17, "image": "products/1987_GT_Pro_Freestyle_Tour_Team_Model3.jpeg", "alt_text": null}}, {"model": "products.productimage", "pk": 92, "fields": {"product": 17, "image": "products/1987_GT_Pro_Freestyle_Tour_Team_Model4.jpeg", "alt_text": null}}, {"model": "products.productimage", "pk": 93, "fields": {"product": 17, "image": "products/1987_GT_Pro_Freestyle_Tour_Team_Model5.jpeg", "alt_text": null}}, {"model": "products.productimage", "pk": 94, "fields": {"product": 18, "image": "products/1987_GT_Pro_Freestyle_Tour_Team1.jpeg", "alt_text": null}}, {"model": "products.productimage", "pk": 95, "fields": {"product": 18, "image": "products/1987_GT_Pro_Freestyle_Tour_Team2.jpeg", "alt_text": null}}, {"model": "products.productimage", "pk": 96, "fields": {"product": 18, "image": "products/1987_GT_Pro_Freestyle_Tour_Team3.jpeg", "alt_text": null}}, {"model": "products.productimage", "pk": 97, "fields": {"product": 18, "image": "products/1987_GT_Pro_Freestyle_Tour_Team4.jpeg", "alt_text": null}}, {"model": "products.productimage", "pk": 98, "fields": {"product": 18, "image": "products/1987_GT_Pro_Freestyle_Tour_Team5.jpeg", "alt_text": null}}, {"model": "products.productimage", "pk": 99, "fields": {"product": 18, "image": "products/1987_GT_Pro_Freestyle_Tour_Team6.jpeg", "alt_text": null}}, {"model": "products.productimage", "pk": 100, "fields": {"product": 19, "image": "products/1987_GT_Pro_Freestyle_Tour_Team_Model_87_Dayglo_pink_1.jpeg", "alt_text": null}}, {"model": "products.productimage", "pk": 101, "fields": {"product": 19, "image": "products/1987_GT_Pro_Freestyle_Tour_Team_Model_87_Dayglo_pink_2.jpeg", "alt_text": null}}, {"model": "products.productimage", "pk": 102, "fields": {"product": 19, "image": "products/1987_GT_Pro_Freestyle_Tour_Team_Model_87_Dayglo_pink_3.jpeg", "alt_text": null}}, {"model": "products.productimage", "pk": 103, "fields": {"product": 20, "image": "products/1987_GT_Pro_Freestyle_Tour_Team_Model_White1.jpeg", "alt_text": null}}, {"model": "products.productimage", "pk": 104, "fields": {"product": 20, "image": "products/1987_GT_Pro_Freestyle_Tour_Team_Model_White2.jpeg", "alt_text": null}}, {"model": "products.productimage", "pk": 105, "fields": {"product": 20, "image": "products/1987_GT_Pro_Freestyle_Tour_Team_Model_White3.jpeg", "alt_text": null}}, {"model": "products.productimage", "pk": 106, "fields": {"product": 20, "image": "products/1987_GT_Pro_Freestyle_Tour_Team_Model_White4.jpeg", "alt_text": null}}, {"model": "products.productimage", "pk": 107, "fields": {"product": 21, "image": "products/Black_beauty_with_all_GT_bling.1.jpeg", "alt_text": null}}, {"model": "products.productimage", "pk": 108, "fields": {"product": 21, "image": "products/Black_beauty_with_all_GT_bling.2.jpeg", "alt_text": null}}, {"model": "products.productimage", "pk": 109, "fields": {"product": 21, "image": "products/Black_beauty_with_all_GT_bling.3.jpeg", "alt_text": null}}, {"model": "products.productimage", "pk": 110, "fields": {"product": 21, "image": "products/Black_beauty_with_all_GT_bling.4.jpeg", "alt_text": null}}, {"model": "products.productimage", "pk": 111, "fields": {"product": 21, "image": "products/Black_beauty_with_all_GT_bling.5.jpeg", "alt_text": null}}, {"model": "products.productimage", "pk": 112, "fields": {"product": 21, "image": "products/Black_beauty_with_all_GT_bling.6.jpeg", "alt_text": null}}, {"model": "products.productimage", "pk": 113, "fields": {"product": 22, "image": "products/1987_Redline_RL-20II1.jpeg", "alt_text": null}}, {"model": "products.productimage", "pk": 114, "fields": {"product": 22, "image": "products/1987_Redline_RL-20II2.jpeg", "alt_text": null}}, {"model": "products.productimage", "pk": 115, "fields": {"product": 22, "image": "products/1987_Redline_RL-20II3.jpeg", "alt_text": null}}, {"model": "products.productimage", "pk": 116, "fields": {"product": 22, "image": "products/1987_Redline_RL-20II4.jpeg", "alt_text": null}}, {"model": "products.productimage", "pk": 117, "fields": {"product": 22, "image": "products/1987_Redline_RL-20II5.jpeg", "alt_text": null}}, {"model": "products.productimage", "pk": 118, "fields": {"product": 22, "image": "products/1987_Redline_RL-20II6.jpeg", "alt_text": null}}, {"model": "products.productimage", "pk": 119, "fields": {"product": 22, "image": "products/1987_Redline_RL-20II7.jpeg", "alt_text": null}}, {"model": "products.productimage", "pk": 120, "fields": {"product": 23, "image": "products/1987_Redline_RL-20II_87_Cali_red_RL20II1.jpeg", "alt_text": null}}, {"model": "products.productimage", "pk": 121, "fields": {"product": 23, "image": "products/1987_Redline_RL-20II_87_Cali_red_RL20II2.jpeg", "alt_text": null}}, {"model": "products.productimage", "pk": 122, "fields": {"product": 23, "image": "products/1987_Redline_RL-20II_87_Cali_red_RL20II3.jpeg", "alt_text": null}}, {"model": "products.productimage", "pk": 123, "fields": {"product": 23, "image": "products/1987_Redline_RL-20II_87_Cali_red_RL20II4.jpeg", "alt_text": null}}, {"model": "products.productimage", "pk": 124, "fields": {"product": 23, "image": "products/1987_Redline_RL-20II_87_Cali_red_RL20II5.jpeg", "alt_text": null}}, {"model": "products.productimage", "pk": 125, "fields": {"product": 24, "image": "products/1987_Dyno_Pro_Compe_Team1.jpeg", "alt_text": null}}, {"model": "products.productimage", "pk": 126, "fields": {"product": 24, "image": "products/1987_Dyno_Pro_Compe_Team2.jpeg", "alt_text": null}}, {"model": "products.productimage", "pk": 127, "fields": {"product": 24, "image": "products/1987_Dyno_Pro_Compe_Team3.jpeg", "alt_text": null}}, {"model": "products.productimage", "pk": 128, "fields": {"product": 24, "image": "products/1987_Dyno_Pro_Compe_Team4.jpeg", "alt_text": null}}, {"model": "products.productimage", "pk": 129, "fields": {"product": 24, "image": "products/1987_Dyno_Pro_Compe_Team5.jpeg", "alt_text": null}}, {"model": "products.productimage", "pk": 130, "fields": {"product": 24, "image": "products/1987_Dyno_Pro_Compe_Team6.jpeg", "alt_text": null}}, {"model": "products.productimage", "pk": 131, "fields": {"product": 25, "image": "products/1985_Hutch_Judge1.jpeg", "alt_text": null}}, {"model": "products.productimage", "pk": 132, "fields": {"product": 25, "image": "products/1985_Hutch_Judge2.jpeg", "alt_text": null}}, {"model": "products.productimage", "pk": 133, "fields": {"product": 25, "image": "products/1985_Hutch_Judge3.jpeg", "alt_text": null}}, {"model": "products.productimage", "pk": 134, "fields": {"product": 25, "image": "products/1985_Hutch_Judge4.jpeg", "alt_text": null}}, {"model": "products.productimage", "pk": 135, "fields": {"product": 25, "image": "products/1985_Hutch_Judge5.jpeg", "alt_text": null}}, {"model": "products.productimage", "pk": 136, "fields": {"product": 25, "image": "products/1985_Hutch_Judge6.jpeg", "alt_text": null}}, {"model": "products.productimage", "pk": 137, "fields": {"product": 25, "image": "products/1985_Hutch_Judge7.jpeg", "alt_text": null}}, {"model": "products.productimage", "pk": 138, "fields": {"product": 25, "image": "products/1985_Hutch_Judge8.jpeg", "alt_text": null}}, {"model": "products.productimage", "pk": 139, "fields": {"product": 26, "image": "products/1985_Hutch_Judge01.jpeg", "alt_text": null}}, {"model": "products.productimage", "pk": 140, "fields": {"product": 26, "image": "products/1985_Hutch_Judge02.jpeg", "alt_text": null}}, {"model": "products.productimage", "pk": 141, "fields": {"product": 26, "image": "products/1985_Hutch_Judge03.jpeg", "alt_text": null}}, {"model": "products.productimage", "pk": 142, "fields": {"product": 26, "image": "products/1985_Hutch_Judge04.jpeg", "alt_text": null}}, {"model": "products.productimage", "pk": 143, "fields": {"product": 26, "image": "products/1985_Hutch_Judge05.jpeg", "alt_text": null}}, {"model": "products.productimage", "pk": 144, "fields": {"product": 26, "image": "products/1985_Hutch_Judge06.jpeg", "alt_text": null}}, {"model": "products.productimage", "pk": 145, "fields": {"product": 26, "image": "products/1985_Hutch_Judge07.jpeg", "alt_text": null}}, {"model": "products.productimage", "pk": 146, "fields": {"product": 27, "image": "products/92_Dyno_detour_splat1.jpeg", "alt_text": null}}, {"model": "products.productimage", "pk": 147, "fields": {"product": 27, "image": "products/92_Dyno_detour_splat2.jpeg", "alt_text": null}}, {"model": "products.productimage", "pk": 148, "fields": {"product": 27, "image": "products/92_Dyno_detour_splat3.jpeg", "alt_text": null}}, {"model": "products.productimage", "pk": 149, "fields": {"product": 27, "image": "products/92_Dyno_detour_splat4.jpeg", "alt_text": null}}, {"model": "products.productimage", "pk": 150, "fields": {"product": 28, "image": "products/1990_SE_Racing_P.K._Ripper1.jpeg", "alt_text": null}}, {"model": "products.productimage", "pk": 151, "fields": {"product": 28, "image": "products/1990_SE_Racing_P.K._Ripper2.jpeg", "alt_text": null}}, {"model": "products.productimage", "pk": 152, "fields": {"product": 28, "image": "products/1990_SE_Racing_P.K._Ripper3.jpeg", "alt_text": null}}, {"model": "products.productimage", "pk": 153, "fields": {"product": 28, "image": "products/1990_SE_Racing_P.K._Ripper4.jpeg", "alt_text": null}}, {"model": "products.productimage", "pk": 154, "fields": {"product": 28, "image": "products/1990_SE_Racing_P.K._Ripper5.jpeg", "alt_text": null}}, {"model": "products.productimage", "pk": 155, "fields": {"product": 28, "image": "products/1990_SE_Racing_P.K._Ripper6.jpeg", "alt_text": null}}, {"model": "products.productimage", "pk": 156, "fields": {"product": 28, "image": "products/1990_SE_Racing_P.K._Ripper7.jpeg", "alt_text": null}}, {"model": "products.productimage", "pk": 157, "fields": {"product": 29, "image": "products/1985_JMC_Racing_Darrell_Young1.jpeg", "alt_text": null}}, {"model": "products.productimage", "pk": 158, "fields": {"product": 29, "image": "products/1985_JMC_Racing_Darrell_Young2.jpeg", "alt_text": null}}, {"model": "products.productimage", "pk": 159, "fields": {"product": 29, "image": "products/1985_JMC_Racing_Darrell_Young3.jpeg", "alt_text": null}}, {"model": "products.productimage", "pk": 160, "fields": {"product": 29, "image": "products/1985_JMC_Racing_Darrell_Young4.jpeg", "alt_text": null}}, {"model": "products.productimage", "pk": 161, "fields": {"product": 29, "image": "products/1985_JMC_Racing_Darrell_Young5.jpeg", "alt_text": null}}, {"model": "products.productimage", "pk": 162, "fields": {"product": 29, "image": "products/1985_JMC_Racing_Darrell_Young6.jpeg", "alt_text": null}}, {"model": "products.productimage", "pk": 163, "fields": {"product": 29, "image": "products/1985_JMC_Racing_Darrell_Young7.jpeg", "alt_text": null}}, {"model": "products.productimage", "pk": 164, "fields": {"product": 30, "image": "products/1979_Race_Inc._RA-7_.jpeg", "alt_text": null}}, {"model": "products.productimage", "pk": 165, "fields": {"product": 30, "image": "products/1979_Race_Inc._RA-7_2.jpeg", "alt_text": null}}, {"model": "products.productimage", "pk": 166, "fields": {"product": 30, "image": "products/1979_Race_Inc._RA-7_3.jpeg", "alt_text": null}}, {"model": "products.productimage", "pk": 167, "fields": {"product": 30, "image": "products/1979_Race_Inc._RA-7_4.jpeg", "alt_text": null}}, {"model": "products.productimage", "pk": 168, "fields": {"product": 30, "image": "products/1979_Race_Inc._RA-7_5.jpeg", "alt_text": null}}, {"model": "products.productimage", "pk": 169, "fields": {"product": 31, "image": "products/83_Diamondback_Silver_Streak1.jpeg", "alt_text": null}}, {"model": "products.productimage", "pk": 170, "fields": {"product": 31, "image": "products/83_Diamondback_Silver_Streak2.jpeg", "alt_text": null}}, {"model": "products.productimage", "pk": 171, "fields": {"product": 31, "image": "products/83_Diamondback_Silver_Streak3.jpeg", "alt_text": null}}, {"model": "products.productimage", "pk": 172, "fields": {"product": 31, "image": "products/83_Diamondback_Silver_Streak4.jpeg", "alt_text": null}}, {"model": "products.productimage", "pk": 173, "fields": {"product": 31, "image": "products/83_Diamondback_Silver_Streak5.jpeg", "alt_text": null}}, {"model": "products.productimage", "pk": 174, "fields": {"product": 32, "image": "products/1984_Haro_Freestyler1.jpeg", "alt_text": null}}, {"model": "products.productimage", "pk": 175, "fields": {"product": 32, "image": "products/1984_Haro_Freestyler2.jpeg", "alt_text": null}}, {"model": "products.productimage", "pk": 176, "fields": {"product": 32, "image": "products/1984_Haro_Freestyler3.jpeg", "alt_text": null}}, {"model": "products.productimage", "pk": 177, "fields": {"product": 33, "image": "products/1983_Skyway_TA_Freestyle_survivor1.jpeg", "alt_text": null}}, {"model": "products.productimage", "pk": 178, "fields": {"product": 33, "image": "products/1983_Skyway_TA_Freestyle_survivor2.jpeg", "alt_text": null}}, {"model": "products.productimage", "pk": 179, "fields": {"product": 33, "image": "products/1983_Skyway_TA_Freestyle_survivor3.jpeg", "alt_text": null}}, {"model": "products.productimage", "pk": 180, "fields": {"product": 33, "image": "products/1983_Skyway_TA_Freestyle_survivor4.jpeg", "alt_text": null}}, {"model": "products.productimage", "pk": 181, "fields": {"product": 33, "image": "products/1983_Skyway_TA_Freestyle_survivor5.jpeg", "alt_text": null}}, {"model": "products.productimage", "pk": 182, "fields": {"product": 33, "image": "products/1983_Skyway_TA_Freestyle_survivor6.jpeg", "alt_text": null}}, {"model": "products.productimage", "pk": 183, "fields": {"product": 33, "image": "products/1983_Skyway_TA_Freestyle_survivor7.jpeg", "alt_text": null}}, {"model": "products.productimage", "pk": 184, "fields": {"product": 34, "image": "products/1983_Skyway_TA_Freestyle_survivor1_pNr71Sx.jpeg", "alt_text": null}}, {"model": "products.productimage", "pk": 185, "fields": {"product": 34, "image": "products/1985_Redline_Prostyler2.jpeg", "alt_text": null}}, {"model": "products.productimage", "pk": 186, "fields": {"product": 34, "image": "products/1985_Redline_Prostyler3.jpeg", "alt_text": null}}, {"model": "products.productimage", "pk": 187, "fields": {"product": 34, "image": "products/1985_Redline_Prostyler4.jpeg", "alt_text": null}}, {"model": "products.productimage", "pk": 188, "fields": {"product": 34, "image": "products/1985_Redline_Prostyler5.jpeg", "alt_text": null}}, {"model": "products.productimage", "pk": 189, "fields": {"product": 35, "image": "products/1985_GT_Pro_World_Tour1.jpeg", "alt_text": null}}, {"model": "products.productimage", "pk": 190, "fields": {"product": 35, "image": "products/1985_GT_Pro_World_Tour2.jpeg", "alt_text": null}}, {"model": "products.productimage", "pk": 191, "fields": {"product": 35, "image": "products/1985_GT_Pro_World_Tour3.jpeg", "alt_text": null}}, {"model": "products.productimage", "pk": 192, "fields": {"product": 35, "image": "products/1985_GT_Pro_World_Tour4.jpeg", "alt_text": null}}, {"model": "products.productimage", "pk": 193, "fields": {"product": 35, "image": "products/1985_GT_Pro_World_Tour5.jpeg", "alt_text": null}}, {"model": "products.productimage", "pk": 194, "fields": {"product": 35, "image": "products/1985_GT_Pro_World_Tour6.jpeg", "alt_text": null}}, {"model": "products.productimage", "pk": 195, "fields": {"product": 35, "image": "products/1985_GT_Pro_World_Tour7.jpeg", "alt_text": null}}, {"model": "products.productimage", "pk": 196, "fields": {"product": 36, "image": "products/2019_GT_Pro_Performer_261.jpeg", "alt_text": null}}, {"model": "products.productimage", "pk": 197, "fields": {"product": 36, "image": "products/2019_GT_Pro_Performer_262.jpeg", "alt_text": null}}, {"model": "products.productimage", "pk": 198, "fields": {"product": 36, "image": "products/2019_GT_Pro_Performer_263.jpeg", "alt_text": null}}, {"model": "products.slider", "pk": 3, "fields": {"title_slider": "Rex BMX: Unleash the Retro Roar", "description": "Dive into the golden era of BMX with our Rex collection— of iconic beasts  for freestyle flair and street cred.", "image": "slider/slider.jpeg", "link": null, "logo": "", "favicon": "favicon/logo-removebg-preview_ac0uij0.png"}}, {"model": "cart.cart", "pk": 1, "fields": {"cart_id": "h9t9ta8wdkiduiki6pfplcug0q3t78dy", "dated_added": "2025-10-13T13:44:16.575Z"}}, {"model": "cart.cart", "pk": 2, "fields": {"cart_id": "rt9bqvoa6rtsnwc0v5fojbcdufdb5gyg", "dated_added": "2025-10-17T23:18:51.586Z"}}, {"model": "cart.cartitem", "pk": 20, "fields": {"product": 9, "cart": 1, "quantity": 1, "is_active": true}}, {"model": "cart.cartitem", "pk": 57, "fields": {"product": 26, "cart": 2, "quantity": 1, "is_active": true}}, {"model": "cart.order", "pk": 1, "fields": {"order_number": "202510191", "billing_first_name": null, "billing_last_name": null, "billing_phone": null, "billing_email": null, "billing_address": null, "billing_city": null, "billing_company": "", "shipping_first_name": null, "shipping_last_name": null, "shipping_phone": null, "shipping_email": null, "shipping_address": null, "shipping_city": null, "shipping_company": "", "order_note": "", "order_total": 10500.0, "status": "New", "ip": "127.0.0.1", "is_ordered": false, "created_at": "2025-10-19T06:53:52.344Z", "updated_at": "2025-10-19T06:53:52.345Z", "payment_method": null, "shipping_charge": "0.00"}}, {"model": "cart.order", "pk": 2, "fields": {"order_number": "202510192", "billing_first_name": "Rex Bmx Bike", "billing_last_name": "Bikes", "billing_phone": "122987654", "billing_email": "rexbmxbike@gmail.com", "billing_address": "101 stresst", "billing_city": "florida", "billing_company": "rexbmxbikes", "shipping_first_name": "Frank", "shipping_last_name": "Drake", "shipping_phone": "34567898", "shipping_email": "frank@example.com", "shipping_address": "123 street", "shipping_city": "new york", "shipping_company": "drake holdings", "order_note": "bought", "order_total": 3500.0, "status": "New", "ip": "127.0.0.1", "is_ordered": false, "created_at": "2025-10-19T06:56:34.047Z", "updated_at": "2025-10-19T06:56:34.048Z", "payment_method": null, "shipping_charge": "0.00"}}, {"model": "cart.order", "pk": 3, "fields": {"order_number": "202510193", "billing_first_name": "qwe", "billing_last_name": "qwer", "billing_phone": "12345678", "billing_email": "rexbmxbike@gmail.com", "billing_address": "asdfgh", "billing_city": "asdfgh", "billing_company": "asdfgh", "shipping_first_name": "asdf", "shipping_last_name": "ghj", "shipping_phone": "12345678", "shipping_email": "frank@example.com", "shipping_address": "dfghj", "shipping_city": "sdfghj", "shipping_company": "sdfgh", "order_note": "sdfgh", "order_total": 7000.0, "status": "New", "ip": "127.0.0.1", "is_ordered": false, "created_at": "2025-10-19T07:00:35.369Z", "updated_at": "2025-10-19T07:00:35.370Z", "payment_method": null, "shipping_charge": "0.00"}}, {"model": "cart.order", "pk": 4, "fields": {"order_number": "202510194", "billing_first_name": "qwer", "billing_last_name": "sadf", "billing_phone": "12345678", "billing_email": "rexbmxbike@gmail.com", "billing_address": "sdfghj", "billing_city": "asdfgh", "billing_company": "sadfgh", "shipping_first_name": "dsfgh", "shipping_last_name": "xcvnb", "shipping_phone": "12345678", "shipping_email": "frank@example.com", "shipping_address": "zxcvbn", "shipping_city": "xczvb", "shipping_company": "xcvn", "order_note": "ghh", "order_total": 3500.0, "status": "New", "ip": "127.0.0.1", "is_ordered": false, "created_at": "2025-10-19T07:06:11.222Z", "updated_at": "2025-10-19T07:06:11.223Z", "payment_method": null, "shipping_charge": "0.00"}}, {"model": "cart.order", "pk": 5, "fields": {"order_number": "202510195", "billing_first_name": "sdf", "billing_last_name": "asdfgh", "billing_phone": "12345678", "billing_email": "rexbmxbike@gmail.com", "billing_address": "asdfgh", "billing_city": "sdfghj", "billing_company": "asdfgh", "shipping_first_name": "asdfgh", "shipping_last_name": "asdfg", "shipping_phone": "12345678", "shipping_email": "frank@example.com", "shipping_address": "ertyuj", "shipping_city": "asdfgh", "shipping_company": "xcvb", "order_note": "ok", "order_total": 3500.0, "status": "New", "ip": "127.0.0.1", "is_ordered": false, "created_at": "2025-10-19T07:10:02.740Z", "updated_at": "2025-10-19T07:10:02.742Z", "payment_method": null, "shipping_charge": "0.00"}}, {"model": "cart.order", "pk": 6, "fields": {"order_number": "202510196", "billing_first_name": "wqert", "billing_last_name": "werty", "billing_phone": "12345678", "billing_email": "df@gmail.com", "billing_address": "dfsghj", "billing_city": "dfghj", "billing_company": "sdfghj", "shipping_first_name": "sadf", "shipping_last_name": "zxcvbn", "shipping_phone": "345678", "shipping_email": "frank@example.com", "shipping_address": "cvbn", "shipping_city": "zxcvbn", "shipping_company": "zxcvbn", "order_note": "fgg", "order_total": 14000.0, "status": "New", "ip": "127.0.0.1", "is_ordered": false, "created_at": "2025-10-19T07:14:55.916Z", "updated_at": "2025-10-19T07:14:55.917Z", "payment_method": null, "shipping_charge": "0.00"}}, {"model": "cart.order", "pk": 7, "fields": {"order_number": "202510197", "billing_first_name": "asdfgh", "billing_last_name": "sdfghj", "billing_phone": "12345678", "billing_email": "rexbmxbike@gmail.com", "billing_address": "asdfgh", "billing_city": "dsfghj", "billing_company": "dsfghj", "shipping_first_name": "wqerty", "shipping_last_name": "asdfgh", "shipping_phone": "12345678", "shipping_email": "frank@example.com", "shipping_address": "asdfg", "shipping_city": "asdfgh", "shipping_company": "asdfg", "order_note": "OK", "order_total": 9900.0, "status": "New", "ip": "127.0.0.1", "is_ordered": false, "created_at": "2025-10-19T07:17:22.381Z", "updated_at": "2025-10-19T07:17:22.382Z", "payment_method": "Bank Transfer", "shipping_charge": "0.00"}}, {"model": "cart.order", "pk": 8, "fields": {"order_number": "202510198", "billing_first_name": "Rex", "billing_last_name": "Bike", "billing_phone": "+1 234 567 3456", "billing_email": "rexbmxbike@gmail.com", "billing_address": "101 Duval Street", "billing_city": "Key west", "billing_company": "rexbmxbikescollection", "shipping_first_name": "Frank", "shipping_last_name": "Drake", "shipping_phone": "12345678", "shipping_email": "frank@example.com", "shipping_address": "123 street", "shipping_city": "new york", "shipping_company": "drake holdings", "order_note": "ok", "order_total": 20500.0, "status": "Pending", "ip": "127.0.0.1", "is_ordered": false, "created_at": "2025-10-19T12:20:12.622Z", "updated_at": "2025-10-19T12:20:12.626Z", "payment_method": "Paypal", "shipping_charge": "0.00"}}, {"model": "cart.order", "pk": 9, "fields": {"order_number": "202510199", "billing_first_name": "Rex", "billing_last_name": "Bike", "billing_phone": "12345678", "billing_email": "rexbmxbike@gmail.com", "billing_address": "101 Duval Street", "billing_city": "Key west", "billing_company": "rexbmxbikes", "shipping_first_name": "Frank", "shipping_last_name": "Drake", "shipping_phone": "12345678", "shipping_email": "frank@example.com", "shipping_address": "123 street", "shipping_city": "new york", "shipping_company": "drake holdings", "order_note": "ok", "order_total": 17500.0, "status": "Pending", "ip": "127.0.0.1", "is_ordered": false, "created_at": "2025-10-19T12:30:47.347Z", "updated_at": "2025-10-19T12:30:47.350Z", "payment_method": "Cheque Payment", "shipping_charge": "0.00"}}, {"model": "cart.order", "pk": 10, "fields": {"order_number": "2025101910", "billing_first_name": "Rex", "billing_last_name": "Bikes", "billing_phone": "122987654", "billing_email": "rexbmxbike@gmail.com", "billing_address": "101 Duval Street", "billing_city": "Key west", "billing_company": "rexbmxbikescollection", "shipping_first_name": "Frank", "shipping_last_name": "Drake", "shipping_phone": "12345678", "shipping_email": "frank@example.com", "shipping_address": "123 street", "shipping_city": "new york", "shipping_company": "drake holdings", "order_note": "ok", "order_total": 13400.0, "status": "Pending", "ip": "127.0.0.1", "is_ordered": false, "created_at": "2025-10-19T14:23:50.308Z", "updated_at": "2025-10-19T14:23:50.312Z", "payment_method": "Cheque Payment", "shipping_charge": "0.00"}}, {"model": "cart.order", "pk": 11, "fields": {"order_number": "2025102011", "billing_first_name": "Rex", "billing_last_name": "Bmx", "billing_phone": "122987654", "billing_email": "rexbmxbike@gmail.com", "billing_address": "101 Duval Street", "billing_city": "Key west", "billing_company": "rexbmxbikes", "shipping_first_name": "Frank", "shipping_last_name": "Drake", "shipping_phone": "12345678", "shipping_email": "frank@example.com", "shipping_address": "123 street", "shipping_city": "new york", "shipping_company": "drake holdings", "order_note": "ok", "order_total": 12400.0, "status": "Pending", "ip": "127.0.0.1", "is_ordered": false, "created_at": "2025-10-20T13:59:12.830Z", "updated_at": "2025-10-20T13:59:12.834Z", "payment_method": "Cheque Payment", "shipping_charge": "0.00"}}, {"model": "cart.order", "pk": 12, "fields": {"order_number": "2025102012", "billing_first_name": "Rex", "billing_last_name": "Bikes", "billing_phone": "1", "billing_email": "rexbmxbike@gmail.com", "billing_address": "101 Duval Street", "billing_city": "Key west", "billing_company": "rexbmxbikescollection", "shipping_first_name": "Rex", "shipping_last_name": "Bikes", "shipping_phone": "1", "shipping_email": "rexbmxbike@gmail.com", "shipping_address": "101 Duval Street", "shipping_city": "Key west", "shipping_company": "rexbmxbikescollection", "order_note": "", "order_total": 5000.0, "status": "Pending", "ip": "127.0.0.1", "is_ordered": false, "created_at": "2025-10-20T15:31:59.944Z", "updated_at": "2025-10-20T15:31:59.946Z", "payment_method": "Chime", "shipping_charge": "0.00"}}, {"model": "cart.order", "pk": 13, "fields": {"order_number": "2025102013", "billing_first_name": "Rex Bmx Bike", "billing_last_name": "Bikes", "billing_phone": "122987654", "billing_email": "rexbmxbike@gmail.com", "billing_address": "101 Duval Street", "billing_city": "Key west", "billing_company": "rexbmxbikescollection", "shipping_first_name": "Rex Bmx Bike", "shipping_last_name": "Bikes", "shipping_phone": "122987654", "shipping_email": "rexbmxbike@gmail.com", "shipping_address": "101 Duval Street", "shipping_city": "Key west", "shipping_company": "rexbmxbikescollection", "order_note": "", "order_total": 2600.0, "status": "Pending", "ip": "127.0.0.1", "is_ordered": false, "created_at": "2025-10-20T15:33:33.502Z", "updated_at": "2025-10-20T15:33:33.506Z", "payment_method": "Zellepay", "shipping_charge": "0.00"}}, {"model": "cart.order", "pk": 14, "fields": {"order_number": "2025102014", "billing_first_name": "Rex", "billing_last_name": "Bikes", "billing_phone": "122987654", "billing_email": "rexbmxbike@gmail.com", "billing_address": "101 Duval Street", "billing_city": "Key west", "billing_company": "rexbmxbikescollection", "shipping_first_name": "Rex", "shipping_last_name": "Bikes", "shipping_phone": "122987654", "shipping_email": "rexbmxbike@gmail.com", "shipping_address": "101 Duval Street", "shipping_city": "Key west", "shipping_company": "rexbmxbikescollection", "order_note": "ok", "order_total": 2500.0, "status": "Pending", "ip": "127.0.0.1", "is_ordered": false, "created_at": "2025-10-20T17:55:44.530Z", "updated_at": "2025-10-20T17:55:44.531Z", "payment_method": "Zellepay", "shipping_charge": "0.00"}}, {"model": "cart.order", "pk": 15, "fields": {"order_number": "2025102015", "billing_first_name": "Rex", "billing_last_name": "Bikes", "billing_phone": "12345678", "billing_email": "rexbmxbike@gmail.com", "billing_address": "101 Duval Street", "billing_city": "Key west", "billing_company": "rexbmxbikescollection", "shipping_first_name": "Rex", "shipping_last_name": "Bikes", "shipping_phone": "12345678", "shipping_email": "rexbmxbike@gmail.com", "shipping_address": "101 Duval Street", "shipping_city": "Key west", "shipping_company": "rexbmxbikescollection", "order_note": "", "order_total": 2600.0, "status": "Pending", "ip": "127.0.0.1", "is_ordered": false, "created_at": "2025-10-20T18:43:29.442Z", "updated_at": "2025-10-20T18:43:29.443Z", "payment_method": "Zellepay", "shipping_charge": "0.00"}}, {"model": "cart.order", "pk": 16, "fields": {"order_number": "2025102016", "billing_first_name": "Rex", "billing_last_name": "Bikes", "billing_phone": "122987654", "billing_email": "rexbmxbike@gmail.com", "billing_address": "101 Duval Street", "billing_city": "Key west", "billing_company": "rexbmxbikescollection", "shipping_first_name": "Rex", "shipping_last_name": "Bikes", "shipping_phone": "122987654", "shipping_email": "rexbmxbike@gmail.com", "shipping_address": "101 Duval Street", "shipping_city": "Key west", "shipping_company": "rexbmxbikescollection", "order_note": "", "order_total": 2600.0, "status": "Pending", "ip": "127.0.0.1", "is_ordered": false, "created_at": "2025-10-20T18:44:32.170Z", "updated_at": "2025-10-20T18:44:32.172Z", "payment_method": "Chime", "shipping_charge": "0.00"}}, {"model": "cart.order", "pk": 17, "fields": {"order_number": "2025102017", "billing_first_name": "Rex", "billing_last_name": "Bikes", "billing_phone": "122987654", "billing_email": "rexbmxbike@gmail.com", "billing_address": "101 Duval Street", "billing_city": "Key west", "billing_company": "rexbmxbikescollection", "shipping_first_name": "Rex", "shipping_last_name": "Bikes", "shipping_phone": "122987654", "shipping_email": "rexbmxbike@gmail.com", "shipping_address": "101 Duval Street", "shipping_city": "Key west", "shipping_company": "rexbmxbikescollection", "order_note": "", "order_total": 2600.0, "status": "Pending", "ip": "127.0.0.1", "is_ordered": false, "created_at": "2025-10-20T19:02:51.196Z", "updated_at": "2025-10-20T19:02:51.197Z", "payment_method": "Zellepay", "shipping_charge": "0.00"}}, {"model": "cart.order", "pk": 18, "fields": {"order_number": "202510None", "billing_first_name": "Rex", "billing_last_name": null, "billing_phone": "0123456789", "billing_email": "rexbmxbikecollection@gmail.com", "billing_address": "101 Duval street, Key West, FL 33040", "billing_city": "Key West", "billing_company": "Rexbmx Bike Collection", "shipping_first_name": null, "shipping_last_name": null, "shipping_phone": null, "shipping_email": null, "shipping_address": null, "shipping_city": null, "shipping_company": null, "order_note": null, "order_total": 2610.0, "status": "Pending", "ip": "127.0.0.1", "is_ordered": false, "created_at": "2025-10-20T19:26:07.443Z", "updated_at": "2025-10-20T19:26:07.443Z", "payment_method": "Chime", "shipping_charge": "0.00"}}, {"model": "cart.order", "pk": 19, "fields": {"order_number": "202510None", "billing_first_name": "Rex", "billing_last_name": null, "billing_phone": "0123456789", "billing_email": "rexbmxbikecollection@gmail.com", "billing_address": "101 Duval street, Key West, FL 33040", "billing_city": "Key West", "billing_company": "Rexbmx Bike Collection", "shipping_first_name": null, "shipping_last_name": null, "shipping_phone": null, "shipping_email": null, "shipping_address": null, "shipping_city": null, "shipping_company": null, "order_note": null, "order_total": 4680.0, "status": "Pending", "ip": "127.0.0.1", "is_ordered": false, "created_at": "2025-10-20T19:37:48.412Z", "updated_at": "2025-10-20T19:37:48.413Z", "payment_method": "Zellepay", "shipping_charge": "0.00"}}, {"model": "cart.order", "pk": 20, "fields": {"order_number": "202510None", "billing_first_name": "Rex", "billing_last_name": null, "billing_phone": "0123456789", "billing_email": "rexbmxbikecollection@gmail.com", "billing_address": "101 Duval street, Key West, FL 33040", "billing_city": "Key West", "billing_company": "Rexbmx Bike Collection", "shipping_first_name": null, "shipping_last_name": null, "shipping_phone": null, "shipping_email": null, "shipping_address": null, "shipping_city": null, "shipping_company": null, "order_note": null, "order_total": 4680.0, "status": "Pending", "ip": "127.0.0.1", "is_ordered": false, "created_at": "2025-10-20T19:46:17.802Z", "updated_at": "2025-10-20T19:46:17.802Z", "payment_method": "Zellepay", "shipping_charge": "0.00"}}, {"model": "cart.order", "pk": 21, "fields": {"order_number": "202510None", "billing_first_name": "Rex", "billing_last_name": null, "billing_phone": "0123456789", "billing_email": "rexbmxbikecollection@gmail.com", "billing_address": "101 Duval street, Key West, FL 33040", "billing_city": "Key West", "billing_company": "Rexbmx Bike Collection", "shipping_first_name": null, "shipping_last_name": null, "shipping_phone": null, "shipping_email": null, "shipping_address": null, "shipping_city": null, "shipping_company": null, "order_note": null, "order_total": 4680.0, "status": "Pending", "ip": "127.0.0.1", "is_ordered": false, "created_at": "2025-10-20T19:47:09.991Z", "updated_at": "2025-10-20T19:47:09.991Z", "payment_method": "Zellepay", "shipping_charge": "0.00"}}, {"model": "cart.order", "pk": 22, "fields": {"order_number": "202510None", "billing_first_name": "Rex", "billing_last_name": "Bikes", "billing_phone": "12345678", "billing_email": "rexbmxbike@gmail.com", "billing_address": "101 stresst", "billing_city": "Key west", "billing_company": "Rexbmx Bike Collection", "shipping_first_name": "Rex", "shipping_last_name": "Bikes", "shipping_phone": "12345678", "shipping_email": "rexbmxbike@gmail.com", "shipping_address": "101 stresst", "shipping_city": "Key west", "shipping_company": null, "order_note": null, "order_total": 4680.0, "status": "Pending", "ip": "127.0.0.1", "is_ordered": false, "created_at": "2025-10-20T20:02:48.574Z", "updated_at": "2025-10-20T20:02:48.575Z", "payment_method": "Zellepay", "shipping_charge": "0.00"}}, {"model": "cart.order", "pk": 23, "fields": {"order_number": "202510None", "billing_first_name": "Rex", "billing_last_name": "Bikes", "billing_phone": "12345678", "billing_email": "rexbmxbike@gmail.com", "billing_address": "101 stresst", "billing_city": "Key west", "billing_company": "Rexbmx Bike Collection", "shipping_first_name": "Rex", "shipping_last_name": "Bikes", "shipping_phone": "12345678", "shipping_email": "rexbmxbike@gmail.com", "shipping_address": "101 stresst", "shipping_city": "Key west", "shipping_company": null, "order_note": null, "order_total": 4680.0, "status": "Pending", "ip": "127.0.0.1", "is_ordered": false, "created_at": "2025-10-20T20:05:19.414Z", "updated_at": "2025-10-20T20:05:19.414Z", "payment_method": "Zellepay", "shipping_charge": "0.00"}}, {"model": "cart.order", "pk": 24, "fields": {"order_number": "20251024", "billing_first_name": "Rex", "billing_last_name": "Bikes", "billing_phone": "12345678", "billing_email": "rexbmxbike@gmail.com", "billing_address": "101 Duval Street", "billing_city": "Key west", "billing_company": "Rexbmx Bike Collection", "shipping_first_name": "Rex", "shipping_last_name": "Bikes", "shipping_phone": "12345678", "shipping_email": "rexbmxbike@gmail.com", "shipping_address": "101 Duval Street", "shipping_city": "Key west", "shipping_company": null, "order_note": null, "order_total": 3325.0, "status": "Pending", "ip": "127.0.0.1", "is_ordered": false, "created_at": "2025-10-21T01:13:25.403Z", "updated_at": "2025-10-21T01:13:25.407Z", "payment_method": "bank transfer", "shipping_charge": "0.00"}}, {"model": "cart.order", "pk": 25, "fields": {"order_number": "20251025", "billing_first_name": "wqert", "billing_last_name": "Bikes", "billing_phone": "1", "billing_email": "rexbmxbike@gmail.com", "billing_address": "101 Duval Street", "billing_city": "Key west", "billing_company": "Rexbmx Bike Collection", "shipping_first_name": "wqert", "shipping_last_name": "Bikes", "shipping_phone": "1", "shipping_email": "rexbmxbike@gmail.com", "shipping_address": "101 Duval Street", "shipping_city": "Key west", "shipping_company": null, "order_note": null, "order_total": 6650.0, "status": "Pending", "ip": "127.0.0.1", "is_ordered": false, "created_at": "2025-10-21T01:14:37.778Z", "updated_at": "2025-10-21T01:14:37.782Z", "payment_method": "Zellepay", "shipping_charge": "0.00"}}, {"model": "cart.order", "pk": 26, "fields": {"order_number": "20251026", "billing_first_name": "Rex", "billing_last_name": "Bike", "billing_phone": "122987654", "billing_email": "rexbmxbike@gmail.com", "billing_address": "101 Duval Street", "billing_city": "Key west", "billing_company": "Rexbmx Bike Collection", "shipping_first_name": "Rex", "shipping_last_name": "Bike", "shipping_phone": "122987654", "shipping_email": "rexbmxbike@gmail.com", "shipping_address": "101 Duval Street", "shipping_city": "Key west", "shipping_company": null, "order_note": null, "order_total": 2500.0, "status": "Pending", "ip": "127.0.0.1", "is_ordered": false, "created_at": "2025-10-21T01:15:56.450Z", "updated_at": "2025-10-21T01:15:56.454Z", "payment_method": "Chime", "shipping_charge": "0.00"}}, {"model": "cart.order", "pk": 27, "fields": {"order_number": "20251027", "billing_first_name": "Rex Bmx Bike", "billing_last_name": "Bikes", "billing_phone": "12345678", "billing_email": "rexbmxbike@gmail.com", "billing_address": "101 Duval Street", "billing_city": "Key west", "billing_company": "Rexbmx Bike Collection", "shipping_first_name": "Rex Bmx Bike", "shipping_last_name": "Bikes", "shipping_phone": "12345678", "shipping_email": "rexbmxbike@gmail.com", "shipping_address": "101 Duval Street", "shipping_city": "Key west", "shipping_company": null, "order_note": null, "order_total": 5200.0, "status": "Pending", "ip": "127.0.0.1", "is_ordered": false, "created_at": "2025-10-21T01:26:10.131Z", "updated_at": "2025-10-21T01:26:10.136Z", "payment_method": "Apple Pay", "shipping_charge": "0.00"}}, {"model": "cart.order", "pk": 28, "fields": {"order_number": "20251028", "billing_first_name": "Rex", "billing_last_name": "Bike", "billing_phone": "12345678", "billing_email": "rexbmxbike@gmail.com", "billing_address": "101 Duval Street", "billing_city": "Key west", "billing_company": "Rexbmx Bike Collection", "shipping_first_name": "Rex", "shipping_last_name": "Bike", "shipping_phone": "12345678", "shipping_email": "rexbmxbike@gmail.com", "shipping_address": "101 Duval Street", "shipping_city": "Key west", "shipping_company": null, "order_note": null, "order_total": 3255.0, "status": "Pending", "ip": "127.0.0.1", "is_ordered": false, "created_at": "2025-10-21T01:36:40.124Z", "updated_at": "2025-10-21T01:36:40.128Z", "payment_method": "Chime", "shipping_charge": "0.00"}}, {"model": "cart.order", "pk": 29, "fields": {"order_number": "20251029", "billing_first_name": "Rex Bmx Bike", "billing_last_name": "Bikes", "billing_phone": "122987654", "billing_email": "rexbmxbike@gmail.com", "billing_address": "101 Duval Street", "billing_city": "Key west", "billing_company": "Rexbmx Bike Collection", "shipping_first_name": "Rex Bmx Bike", "shipping_last_name": "Bikes", "shipping_phone": "122987654", "shipping_email": "rexbmxbike@gmail.com", "shipping_address": "101 Duval Street", "shipping_city": "Key west", "shipping_company": null, "order_note": null, "order_total": 13206.0, "status": "Pending", "ip": "127.0.0.1", "is_ordered": false, "created_at": "2025-10-21T01:38:47.316Z", "updated_at": "2025-10-21T01:38:47.320Z", "payment_method": "Chime", "shipping_charge": "0.00"}}, {"model": "cart.orderitem", "pk": 1, "fields": {"order": 1, "product": 9, "quantity": 3, "product_price": 3500.0, "ordered": true, "created_at": "2025-10-19T06:53:52.384Z", "updated_at": "2025-10-19T06:53:52.384Z"}}, {"model": "cart.orderitem", "pk": 2, "fields": {"order": 2, "product": 10, "quantity": 1, "product_price": 3500.0, "ordered": true, "created_at": "2025-10-19T06:56:34.080Z", "updated_at": "2025-10-19T06:56:34.080Z"}}, {"model": "cart.orderitem", "pk": 3, "fields": {"order": 3, "product": 10, "quantity": 2, "product_price": 3500.0, "ordered": true, "created_at": "2025-10-19T07:00:35.394Z", "updated_at": "2025-10-19T07:00:35.394Z"}}, {"model": "cart.orderitem", "pk": 4, "fields": {"order": 4, "product": 10, "quantity": 1, "product_price": 3500.0, "ordered": true, "created_at": "2025-10-19T07:06:11.253Z", "updated_at": "2025-10-19T07:06:11.253Z"}}, {"model": "cart.orderitem", "pk": 5, "fields": {"order": 5, "product": 10, "quantity": 1, "product_price": 3500.0, "ordered": true, "created_at": "2025-10-19T07:10:02.780Z", "updated_at": "2025-10-19T07:10:02.781Z"}}, {"model": "cart.orderitem", "pk": 6, "fields": {"order": 6, "product": 10, "quantity": 4, "product_price": 3500.0, "ordered": true, "created_at": "2025-10-19T07:14:55.948Z", "updated_at": "2025-10-19T07:14:55.949Z"}}, {"model": "cart.orderitem", "pk": 7, "fields": {"order": 7, "product": 10, "quantity": 1, "product_price": 3500.0, "ordered": true, "created_at": "2025-10-19T07:17:22.410Z", "updated_at": "2025-10-19T07:17:22.411Z"}}, {"model": "cart.orderitem", "pk": 8, "fields": {"order": 7, "product": 9, "quantity": 1, "product_price": 3500.0, "ordered": true, "created_at": "2025-10-19T07:17:22.420Z", "updated_at": "2025-10-19T07:17:22.420Z"}}, {"model": "cart.orderitem", "pk": 9, "fields": {"order": 7, "product": 6, "quantity": 1, "product_price": 2900.0, "ordered": true, "created_at": "2025-10-19T07:17:22.430Z", "updated_at": "2025-10-19T07:17:22.430Z"}}, {"model": "cart.orderitem", "pk": 10, "fields": {"order": 8, "product": 10, "quantity": 3, "product_price": 3500.0, "ordered": true, "created_at": "2025-10-19T12:20:12.652Z", "updated_at": "2025-10-19T12:20:12.653Z"}}, {"model": "cart.orderitem", "pk": 11, "fields": {"order": 8, "product": 9, "quantity": 2, "product_price": 3500.0, "ordered": true, "created_at": "2025-10-19T12:20:12.666Z", "updated_at": "2025-10-19T12:20:12.667Z"}}, {"model": "cart.orderitem", "pk": 12, "fields": {"order": 8, "product": 1, "quantity": 1, "product_price": 3000.0, "ordered": true, "created_at": "2025-10-19T12:20:12.679Z", "updated_at": "2025-10-19T12:20:12.680Z"}}, {"model": "cart.orderitem", "pk": 13, "fields": {"order": 9, "product": 10, "quantity": 2, "product_price": 3500.0, "ordered": true, "created_at": "2025-10-19T12:30:47.391Z", "updated_at": "2025-10-19T12:30:47.392Z"}}, {"model": "cart.orderitem", "pk": 14, "fields": {"order": 9, "product": 8, "quantity": 3, "product_price": 3500.0, "ordered": true, "created_at": "2025-10-19T12:30:47.405Z", "updated_at": "2025-10-19T12:30:47.405Z"}}, {"model": "cart.orderitem", "pk": 15, "fields": {"order": 10, "product": 10, "quantity": 3, "product_price": 3500.0, "ordered": true, "created_at": "2025-10-19T14:23:50.340Z", "updated_at": "2025-10-19T14:23:50.341Z"}}, {"model": "cart.orderitem", "pk": 16, "fields": {"order": 10, "product": 6, "quantity": 1, "product_price": 2900.0, "ordered": true, "created_at": "2025-10-19T14:23:50.353Z", "updated_at": "2025-10-19T14:23:50.354Z"}}, {"model": "cart.orderitem", "pk": 17, "fields": {"order": 11, "product": 10, "quantity": 3, "product_price": 3500.0, "ordered": true, "created_at": "2025-10-20T13:59:12.858Z", "updated_at": "2025-10-20T13:59:12.859Z"}}, {"model": "cart.orderitem", "pk": 18, "fields": {"order": 11, "product": 13, "quantity": 1, "product_price": 1900.0, "ordered": true, "created_at": "2025-10-20T13:59:12.873Z", "updated_at": "2025-10-20T13:59:12.874Z"}}, {"model": "cart.orderitem", "pk": 19, "fields": {"order": 12, "product": 13, "quantity": 2, "product_price": 2500.0, "ordered": true, "created_at": "2025-10-20T15:31:59.967Z", "updated_at": "2025-10-20T15:31:59.968Z"}}, {"model": "cart.orderitem", "pk": 20, "fields": {"order": 13, "product": 14, "quantity": 1, "product_price": 2600.0, "ordered": true, "created_at": "2025-10-20T15:33:33.543Z", "updated_at": "2025-10-20T15:33:33.544Z"}}, {"model": "cart.orderitem", "pk": 21, "fields": {"order": 14, "product": 13, "quantity": 1, "product_price": 2500.0, "ordered": true, "created_at": "2025-10-20T17:55:44.551Z", "updated_at": "2025-10-20T17:55:44.551Z"}}, {"model": "cart.orderitem", "pk": 22, "fields": {"order": 15, "product": 14, "quantity": 1, "product_price": 2600.0, "ordered": true, "created_at": "2025-10-20T18:43:29.456Z", "updated_at": "2025-10-20T18:43:29.457Z"}}, {"model": "cart.orderitem", "pk": 23, "fields": {"order": 16, "product": 14, "quantity": 1, "product_price": 2600.0, "ordered": true, "created_at": "2025-10-20T18:44:32.203Z", "updated_at": "2025-10-20T18:44:32.203Z"}}, {"model": "cart.orderitem", "pk": 24, "fields": {"order": 17, "product": 14, "quantity": 1, "product_price": 2600.0, "ordered": true, "created_at": "2025-10-20T19:02:51.228Z", "updated_at": "2025-10-20T19:02:51.228Z"}}, {"model": "cart.orderitem", "pk": 25, "fields": {"order": 18, "product": 4, "quantity": 1, "product_price": 2900.0, "ordered": true, "created_at": "2025-10-20T19:26:07.445Z", "updated_at": "2025-10-20T19:26:07.446Z"}}, {"model": "cart.orderitem", "pk": 26, "fields": {"order": 19, "product": 14, "quantity": 2, "product_price": 2600.0, "ordered": true, "created_at": "2025-10-20T19:37:48.414Z", "updated_at": "2025-10-20T19:37:48.414Z"}}, {"model": "cart.orderitem", "pk": 27, "fields": {"order": 20, "product": 14, "quantity": 2, "product_price": 2600.0, "ordered": true, "created_at": "2025-10-20T19:46:17.804Z", "updated_at": "2025-10-20T19:46:17.804Z"}}, {"model": "cart.orderitem", "pk": 28, "fields": {"order": 21, "product": 14, "quantity": 2, "product_price": 2600.0, "ordered": true, "created_at": "2025-10-20T19:47:09.993Z", "updated_at": "2025-10-20T19:47:09.993Z"}}, {"model": "cart.orderitem", "pk": 29, "fields": {"order": 22, "product": 14, "quantity": 2, "product_price": 2600.0, "ordered": true, "created_at": "2025-10-20T20:02:48.576Z", "updated_at": "2025-10-20T20:02:48.576Z"}}, {"model": "cart.orderitem", "pk": 30, "fields": {"order": 23, "product": 14, "quantity": 2, "product_price": 2600.0, "ordered": true, "created_at": "2025-10-20T20:05:19.416Z", "updated_at": "2025-10-20T20:05:19.416Z"}}, {"model": "cart.orderitem", "pk": 31, "fields": {"order": 24, "product": 26, "quantity": 1, "product_price": 3500.0, "ordered": true, "created_at": "2025-10-21T01:13:25.410Z", "updated_at": "2025-10-21T01:13:25.410Z"}}, {"model": "cart.orderitem", "pk": 32, "fields": {"order": 25, "product": 26, "quantity": 2, "product_price": 3500.0, "ordered": true, "created_at": "2025-10-21T01:14:37.785Z", "updated_at": "2025-10-21T01:14:37.785Z"}}, {"model": "cart.orderitem", "pk": 33, "fields": {"order": 26, "product": 24, "quantity": 1, "product_price": 2500.0, "ordered": true, "created_at": "2025-10-21T01:15:56.457Z", "updated_at": "2025-10-21T01:15:56.457Z"}}, {"model": "cart.orderitem", "pk": 34, "fields": {"order": 27, "product": 21, "quantity": 2, "product_price": 2600.0, "ordered": true, "created_at": "2025-10-21T01:26:10.140Z", "updated_at": "2025-10-21T01:26:10.141Z"}}, {"model": "cart.orderitem", "pk": 35, "fields": {"order": 28, "product": 26, "quantity": 1, "product_price": 3500.0, "ordered": true, "created_at": "2025-10-21T01:36:40.130Z", "updated_at": "2025-10-21T01:36:40.131Z"}}, {"model": "cart.orderitem", "pk": 36, "fields": {"order": 29, "product": 26, "quantity": 3, "product_price": 3500.0, "ordered": true, "created_at": "2025-10-21T01:38:47.323Z", "updated_at": "2025-10-21T01:38:47.324Z"}}, {"model": "cart.orderitem", "pk": 37, "fields": {"order": 29, "product": 25, "quantity": 1, "product_price": 3700.0, "ordered": true, "created_at": "2025-10-21T01:38:47.326Z", "updated_at": "2025-10-21T01:38:47.327Z"}}, {"model": "cart.coupon", "pk": 4, "fields": {"code": "REX176", "discount": "7.00", "is_active": true, "valid_from": "2025-10-21T01:36:04Z", "valid_to": "2025-10-22T18:00:00Z", "max_uses": 2, "used": 2}}, {"model": "core.aboutus", "pk": 1, "fields": {"about_title": "About Us: Rex BMX Bike Collection", "content": "At Rex BMX Bike Collection, we are more than a purveyor of vintage treasures—we are stewards of cycling's rebellious spirit. Founded in 2021 by a team of lifelong BMX enthusiasts in Key West, Florida, our mission is to curate and preserve the iconic designs that defined the golden age of BMX, from the raw energy of the 1970s dirt tracks to the freestyle revolution of the 1980s. Drawing inspiration from the innovative engineering of early American bicycle pioneers like the Rex Cycle Company—whose groundbreaking three-wheel designs from the late 19th century emphasized shock absorption and rider comfort—we bridge the past and present to deliver authentic, ride-ready classics for today's collectors and riders.\r\nOur journey began with a simple passion: restoring forgotten gems like the Haro Master, SE Racing PK Ripper, and Mongoose Californian, breathing new life into frames that once powered legendary races and half-pipe sessions. Over the years, we've grown into a premier online destination for old-school BMX aficionados, sourcing rare deadstock parts, meticulously restored complete bikes, and faithful reissues that honor the originals without compromising modern performance. Whether you're chasing the thrill of a 20-inch race cruiser or the nostalgia of Skyway Tuff wheels, our collection spans the eras—early balloon-tire pioneers, mid-80s freestyle icons, and 90s mid-school transitions—ensuring every piece tells a story of grit, innovation, and unbridled freedom.\r\nWhat sets Rex BMX apart is our unwavering commitment to authenticity and excellence. Each bicycle undergoes a rigorous inspection and restoration process, using period-correct components sourced from trusted partners like GT, Redline, and Hutch. We blend historical accuracy with contemporary upgrades—think lightweight chromoly tubing for smoother rides and seamless integration with today's components—while maintaining the soul of the originals. Our global community of riders, restorers, and collectors trusts us because we don't just sell bikes; we foster a movement. From collaborations with events like Interbike to contributions on platforms such as the BMX Museum, we're dedicated to educating and inspiring the next generation of shredders.\r\nLocated at the sun-soaked tip of the Florida Keys (33040), Rex BMX embodies the laid-back yet adventurous ethos of coastal living—where turquoise waters meet endless horizons, much like the open tracks that birthed BMX culture. We're proud to offer worldwide shipping, expert restoration services, and personalized consultations to help you build or revive your dream ride.\r\nJoin us in celebrating the heritage of BMX. At Rex BMX Bike Collection, every pedal stroke is a nod to the legends who came before. Ride the past. Own the future.\r\nContact us today to explore our curated selection or discuss a custom restoration. Your legend awaits.", "about_image": "media/about/dm-removebg-preview.png", "created_at": "2025-10-08T16:34:03.377Z", "updated_at": "2025-10-08T16:34:03.377Z"}}, {"model": "blog.blog", "pk": 1, "fields": {"blog_name": "The Birth of BMX: A Brief History", "blog_slug": "the-birth-of-bmx-a-brief-history", "content": "How did BMX get started? Who invented BMX? When did BMX become an Olympic sport? You may have been wondering this after seeing BMX pop up in the mainstream sports news media recently amidst all the pre-Olympic buzz. Or maybe you already know the basics, the nuts and bolts of BMX riding and BMX bikes, but you do not know much about the sport’s origins and development. Whether you are a veteran racer, a rookie just learning the rules, a BMX enthusiast, or simply a curious sports fan, the history of bicycle motocross is a fascinating story you definitely do not want to miss.    \r\n\r\nBMX in the Limelight\r\n\r\nWhat makes BMX special? Why is BMX worthy of your time and attention, besides the basic fact that the watching, cheering, and racing make it an incredibly fun event for the whole family? The reason is simple, really. Like every other sport, BMX is about competition and skill, who can ride the fastest and perform the most difficult, awe-inspiring tricks on two wheels. But BMX is just as much about community and connection, people coming together to support and celebrate something they believe in, an endeavor that has in some way changed their lives for the better. More than the insane stunts, the crazy speed, and the expert handling, the ever-growing BMX community is what makes the sport really special. \r\n\r\nOver the past few decades, this exhilarating action sport has captured the hearts of millions of cycling fanatics and thrill-seeking youngsters around the world, and it continues to gain momentum among all age groups because of its bold originality, seductive riskiness, and easy accessibility. Yet, even with all of its amazing attributes, BMX’s rise to its present status was by no means a sure thing from the start. There were many bumps, shifts in trajectory, internal divisions, and near deaths on BMX’s path to the Olympics. These challenges and changes together shaped BMX into the sport it is today.     \r\n\r\nNow, with the Tokyo Summer Olympics in sight and countries assembling their teams, BMX is once again enjoying the attention it deserves. Unfortunately, however, despite its Olympic status, BMX remains widely misunderstood by those outside of the cycling community, to the detriment of the progression of BMX as a sport and potential BMX riders and fans. With the Olympic season drawing near, now is the perfect time to learn more about the inception and evolution of one of the newest and coolest Olympic sports—BMX. \r\n\r\nCompared to the ‘traditional’ summer Olympic sports such as swimming, basketball, volleyball, and gymnastics to name a few, BMX has a much shorter history as a sport and a smaller, more select following. When stacked against these behemoths, BMX is really still in its infancy. Yet, while BMX is one of the lesser-known sports on the Olympic programme, its unique roots, continued evolution, and highly dedicated and tight-knit core of followers make BMX a distinctive Olympic event well worth keeping one’s eyes on now and in the future. So how did BMX get to where it is today?", "blog_image": "blogs/oldblog_IhXii1M.jpeg", "author": ["rex"], "created_at": "2025-10-17T13:27:38.707Z"}}, {"model": "blog.blog", "pk": 2, "fields": {"blog_name": "The Birth and Blossoming of BMX", "blog_slug": "the-birth-and-blossoming-of-bmx", "content": "The roots of the BMX scene can be traced back to dirt tracks scattered across Southern California in the mid 1960s, around the same time that motocross was taking off in the U.S. Young kids who were captivated by off-road motorcycle racing but either could not afford to ride motocross or were not allowed to by their parents instead raced bicycles on their own self-made courses in their backyards, eventually leading to the development of formal, specially-built race tracks for bicycles the following decade. Races quickly got bigger, spawning a nationwide movement that became known as BMX.\r\n\r\nIn the very beginning, kids simply raced on their garage bikes. Breaking them down roughing it on the dirt was fun, but these standard mass-produced factory bikes could never satiate young BMXers’ appetite for speed and agility. Kids started to take their old 20-inch bikes and customize them by replacing the factory seats and handlebars with “banana” seats and tall “butterfly” handlebars to increase their speed and control. At the time, bike technology was also extremely limited. There was little variety in bike models and bike components simply because no one was yet aiming to launch themselves twenty feet in the air from a dirt jump and perform tricks while flying upside down. The BMX bike market was nonexistent. \r\n\r\nThen came the Schwinn Sting-Ray, known as “the bike with the sports car look,” a bike that revolutionized cycling and dominated the early BMX scene because of its one-of-a-kind design and ease of customization. The original Sting-Ray was modeled after the way kids in Southern California were refitting their own bikes. BMX riders loved the Sting-Ray’s high-rise handlebars, short frame, and long, bucket shaped saddle that allowed them to perform quick maneuvers with ease. The 1972 motorcycle documentary ‘On Any Sunday,’ widely acknowledged as one of the biggest inspirations of the BMX movement and a pivotal point in BMX history, shows a group of kids going off-road on their Sting-Ray bikes in the opening scene. Toby Henderson, BMX legend and President of Box, said this about his experience racing on a Sting-Ray at the start of his career: “It handled everything better than any other bike I rode at that time.”           \r\n\r\nSoon BMX bikes were being made custom. They were built with smaller wheels, lightweight frames, and only one gear to maximize speed, control, and jump height. BMX bikes were distinguished from mountain and road bikes by their superior mobility and strength as well as their ability to perform jumps and to respond to rapid speed changes better than any other type of bike. Advancements in cycling technology and engineering breakthroughs every decade since the 1960s have made the modern BMX bike nearly unrecognizable to its predecessors.             \r\n\r\nBMX has no doubt come a long way from its humble beginnings in Southern California, rapidly developing from a mere backyard hobby for kids and adrenaline junkies to an official Olympic sport with millions of riders and followers and thousands of annual competitions worldwide.", "blog_image": "blogs/The_Birth_and_Blossoming_of_BMX.jpg", "author": ["rex"], "created_at": "2025-10-17T21:02:44.648Z"}}, {"model": "blog.blog", "pk": 3, "fields": {"blog_name": "BMX Racing Becomes an Olympic Sport", "blog_slug": "bmx-racing-becomes-an-olympic-sport", "content": "In order for BMX to become an officially recognized sport, it needed systematized rules and regulations. The American Bicycle Associate (ABA) became the national body for BMX in 1977 and proved instrumental in organizing and promoting the sport within the U.S. In 1981, the International BMX Federation was formed, and the first world championships were held in 1982. The following year, BMX was integrated into the organizational framework of the Union Cycliste Internationale (UCI), the worldwide governing body for cycling.\r\n\r\nEvery year the Union Cycliste Internationale hosts the UCI BMX World Championships and the UCI BMX World Cup, a series of competitions held across many countries leading up to the World Championships that, among many other things, determines BMX world rankings. The UCI World Championships are the capstone of the BMX season, attracting extensive international attention and media coverage. World champions wear the prestigious rainbow jersey for the entire year. The UCI rainbow stripes are one of the most renowned and coveted marks in cycling.\r\n\r\nBMX racing made its Olympic debut at the 2008 Games in Beijing. The setup of the Olympic event is as follows: Eight riders launch themselves from an eight-meter-high ramp and race over a 350-meter circuit featuring alternating bumps, banked corners, and flat sections. Riders who finish in the first four of the heats earn a spot in the next round and then in the final.\r\n\r\nExposure at the Olympics along with televised competitions such as the X Games have helped the sport grow exponentially over the past couple of decades, attracting a wider audience in all corners of the world. \r\n\r\nBMX freestyle will be a medal sport for the first time at the Tokyo Olympic Games. Freestyle competitors will perform two-minute runs executing a sequence of tricks on ramps, walls, box jumps, and spines throughout the sports park.  \r\n\r\nBox Bike Parts and Sponsored Riders  \r\n\r\nBox bike components, in particular Box One and Box Two parts, are widely used by World Cup champions. These BMX racing parts are engineered using Box’s signature, cutting-edge Oversized Technology that delivers enhanced power, control, and speed by reducing energy loss due to flex. By optimizing both pedaling and steering stiffness, Oversized Technology allows riders to fully utilize and translate their strength into precise handling with less delay. The science behind the design of Box Oversized parts makes a winning difference and has helped Box’s riders qualify for UCI World Cup competitions.\r\n\r\nBox’s engagement in the bike industry and BMX community extends beyond its products. Box is an official partner of UCI. Box designs and creates official BMX racing number plates, side plates, and decals used by all competitors. Box bike components and the team behind the brand are trusted by professional athletes and international organizations alike.", "blog_image": "blogs/bmxrace.jpeg", "author": ["rex"], "created_at": "2025-10-17T21:22:37.995Z"}}, {"model": "admin.logentry", "pk": 1, "fields": {"action_time": "2025-10-08T14:49:46.987Z", "user": ["rex"], "content_type": ["products", "category"], "object_id": "1", "object_repr": "Redline", "action_flag": 1, "change_message": "[{\"added\": {}}]"}}, {"model": "admin.logentry", "pk": 2, "fields": {"action_time": "2025-10-08T14:55:53.079Z", "user": ["rex"], "content_type": ["products", "category"], "object_id": "2", "object_repr": "GT Bikes", "action_flag": 1, "change_message": "[{\"added\": {}}]"}}, {"model": "admin.logentry", "pk": 3, "fields": {"action_time": "2025-10-08T14:56:35.007Z", "user": ["rex"], "content_type": ["products", "category"], "object_id": "2", "object_repr": "GT Bikes", "action_flag": 2, "change_message": "[]"}}, {"model": "admin.logentry", "pk": 4, "fields": {"action_time": "2025-10-08T14:56:54.559Z", "user": ["rex"], "content_type": ["products", "category"], "object_id": "3", "object_repr": "Hutch", "action_flag": 1, "change_message": "[{\"added\": {}}]"}}, {"model": "admin.logentry", "pk": 5, "fields": {"action_time": "2025-10-08T14:57:08.417Z", "user": ["rex"], "content_type": ["products", "category"], "object_id": "4", "object_repr": "Diamond Back", "action_flag": 1, "change_message": "[{\"added\": {}}]"}}, {"model": "admin.logentry", "pk": 6, "fields": {"action_time": "2025-10-08T14:57:23.602Z", "user": ["rex"], "content_type": ["products", "category"], "object_id": "4", "object_repr": "Diamond Back", "action_flag": 2, "change_message": "[{\"changed\": {\"fields\": [\"Category title\"]}}]"}}, {"model": "admin.logentry", "pk": 7, "fields": {"action_time": "2025-10-08T14:57:38.061Z", "user": ["rex"], "content_type": ["products", "category"], "object_id": "5", "object_repr": "Dyno", "action_flag": 1, "change_message": "[{\"added\": {}}]"}}, {"model": "admin.logentry", "pk": 8, "fields": {"action_time": "2025-10-08T14:57:47.156Z", "user": ["rex"], "content_type": ["products", "category"], "object_id": "6", "object_repr": "Haro", "action_flag": 1, "change_message": "[{\"added\": {}}]"}}, {"model": "admin.logentry", "pk": 9, "fields": {"action_time": "2025-10-08T14:58:37.903Z", "user": ["rex"], "content_type": ["products", "category"], "object_id": "7", "object_repr": "PK Rippers", "action_flag": 1, "change_message": "[{\"added\": {}}]"}}, {"model": "admin.logentry", "pk": 10, "fields": {"action_time": "2025-10-08T14:59:15.570Z", "user": ["rex"], "content_type": ["products", "category"], "object_id": "8", "object_repr": "Skyway", "action_flag": 1, "change_message": "[{\"added\": {}}]"}}, {"model": "admin.logentry", "pk": 11, "fields": {"action_time": "2025-10-08T14:59:36.724Z", "user": ["rex"], "content_type": ["products", "category"], "object_id": "9", "object_repr": "Kuwahara", "action_flag": 1, "change_message": "[{\"added\": {}}]"}}, {"model": "admin.logentry", "pk": 12, "fields": {"action_time": "2025-10-08T15:00:06.775Z", "user": ["rex"], "content_type": ["products", "category"], "object_id": "10", "object_repr": "SE", "action_flag": 1, "change_message": "[{\"added\": {}}]"}}, {"model": "admin.logentry", "pk": 13, "fields": {"action_time": "2025-10-08T15:00:17.519Z", "user": ["rex"], "content_type": ["products", "category"], "object_id": "10", "object_repr": "SE", "action_flag": 2, "change_message": "[{\"changed\": {\"fields\": [\"Category title\"]}}]"}}, {"model": "admin.logentry", "pk": 14, "fields": {"action_time": "2025-10-08T15:00:51.512Z", "user": ["rex"], "content_type": ["products", "category"], "object_id": "11", "object_repr": "Frames & Fork", "action_flag": 1, "change_message": "[{\"added\": {}}]"}}, {"model": "admin.logentry", "pk": 15, "fields": {"action_time": "2025-10-08T15:01:26.837Z", "user": ["rex"], "content_type": ["products", "category"], "object_id": "12", "object_repr": "Plates", "action_flag": 1, "change_message": "[{\"added\": {}}]"}}, {"model": "admin.logentry", "pk": 16, "fields": {"action_time": "2025-10-08T15:04:04.542Z", "user": ["rex"], "content_type": ["products", "category"], "object_id": "13", "object_repr": "Clothes", "action_flag": 1, "change_message": "[{\"added\": {}}]"}}, {"model": "admin.logentry", "pk": 17, "fields": {"action_time": "2025-10-08T16:34:03.378Z", "user": ["rex"], "content_type": ["cart", "cart"], "object_id": "1", "object_repr": "About Us: Rex BMX Bike Collection", "action_flag": 1, "change_message": "[{\"added\": {}}]"}}, {"model": "admin.logentry", "pk": 18, "fields": {"action_time": "2025-10-09T13:35:55.389Z", "user": ["rex"], "content_type": ["products", "slider"], "object_id": "1", "object_repr": "best  experience", "action_flag": 1, "change_message": "[{\"added\": {}}]"}}, {"model": "admin.logentry", "pk": 19, "fields": {"action_time": "2025-10-09T13:38:02.726Z", "user": ["rex"], "content_type": ["products", "slider"], "object_id": "1", "object_repr": "best  experience", "action_flag": 3, "change_message": ""}}, {"model": "admin.logentry", "pk": 20, "fields": {"action_time": "2025-10-09T13:54:15.482Z", "user": ["rex"], "content_type": ["products", "slider"], "object_id": "2", "object_repr": "Best  experience", "action_flag": 1, "change_message": "[{\"added\": {}}]"}}, {"model": "admin.logentry", "pk": 21, "fields": {"action_time": "2025-10-09T16:14:28.043Z", "user": ["rex"], "content_type": ["products", "product"], "object_id": "1", "object_repr": "1983 SE Racing P.K. Ripper", "action_flag": 1, "change_message": "[{\"added\": {}}]"}}, {"model": "admin.logentry", "pk": 22, "fields": {"action_time": "2025-10-09T17:26:30.417Z", "user": ["rex"], "content_type": ["products", "product"], "object_id": "1", "object_repr": "1983 SE Racing P.K. Ripper", "action_flag": 2, "change_message": "[{\"added\": {\"name\": \"product image\", \"object\": \"Image for 1983 SE Racing P.K. Ripper\"}}, {\"added\": {\"name\": \"product image\", \"object\": \"Image for 1983 SE Racing P.K. Ripper\"}}, {\"added\": {\"name\": \"product image\", \"object\": \"Image for 1983 SE Racing P.K. Ripper\"}}, {\"added\": {\"name\": \"product image\", \"object\": \"Image for 1983 SE Racing P.K. Ripper\"}}]"}}, {"model": "admin.logentry", "pk": 23, "fields": {"action_time": "2025-10-09T18:06:42.277Z", "user": ["rex"], "content_type": ["products", "category"], "object_id": "10", "object_repr": "SE", "action_flag": 3, "change_message": ""}}, {"model": "admin.logentry", "pk": 24, "fields": {"action_time": "2025-10-09T18:12:22.414Z", "user": ["rex"], "content_type": ["products", "category"], "object_id": "14", "object_repr": "Torker", "action_flag": 1, "change_message": "[{\"added\": {}}]"}}, {"model": "admin.logentry", "pk": 25, "fields": {"action_time": "2025-10-09T18:12:39.622Z", "user": ["rex"], "content_type": ["products", "category"], "object_id": "15", "object_repr": "SE Racing", "action_flag": 1, "change_message": "[{\"added\": {}}]"}}, {"model": "admin.logentry", "pk": 26, "fields": {"action_time": "2025-10-09T18:15:42.453Z", "user": ["rex"], "content_type": ["products", "category"], "object_id": "16", "object_repr": "Raleigh", "action_flag": 1, "change_message": "[{\"added\": {}}]"}}, {"model": "admin.logentry", "pk": 27, "fields": {"action_time": "2025-10-09T18:16:14.802Z", "user": ["rex"], "content_type": ["products", "category"], "object_id": "17", "object_repr": "Powerlite", "action_flag": 1, "change_message": "[{\"added\": {}}]"}}, {"model": "admin.logentry", "pk": 28, "fields": {"action_time": "2025-10-09T18:17:49.538Z", "user": ["rex"], "content_type": ["products", "category"], "object_id": "17", "object_repr": "Powerlite", "action_flag": 3, "change_message": ""}}, {"model": "admin.logentry", "pk": 29, "fields": {"action_time": "2025-10-09T18:17:49.538Z", "user": ["rex"], "content_type": ["products", "category"], "object_id": "16", "object_repr": "Raleigh", "action_flag": 3, "change_message": ""}}, {"model": "admin.logentry", "pk": 30, "fields": {"action_time": "2025-10-09T18:17:49.538Z", "user": ["rex"], "content_type": ["products", "category"], "object_id": "14", "object_repr": "Torker", "action_flag": 3, "change_message": ""}}, {"model": "admin.logentry", "pk": 31, "fields": {"action_time": "2025-10-10T12:17:15.500Z", "user": ["rex"], "content_type": ["products", "product"], "object_id": "2", "object_repr": "1984 GT Pro  Series", "action_flag": 1, "change_message": "[{\"added\": {}}, {\"added\": {\"name\": \"product image\", \"object\": \"Image for 1984 GT Pro  Series\"}}, {\"added\": {\"name\": \"product image\", \"object\": \"Image for 1984 GT Pro  Series\"}}, {\"added\": {\"name\": \"product image\", \"object\": \"Image for 1984 GT Pro  Series\"}}, {\"added\": {\"name\": \"product image\", \"object\": \"Image for 1984 GT Pro  Series\"}}, {\"added\": {\"name\": \"product image\", \"object\": \"Image for 1984 GT Pro  Series\"}}, {\"added\": {\"name\": \"product image\", \"object\": \"Image for 1984 GT Pro  Series\"}}]"}}, {"model": "admin.logentry", "pk": 32, "fields": {"action_time": "2025-10-10T22:37:18.609Z", "user": ["rex"], "content_type": ["products", "product"], "object_id": "3", "object_repr": "Hutch JDB Trickstar", "action_flag": 1, "change_message": "[{\"added\": {}}, {\"added\": {\"name\": \"product image\", \"object\": \"Image for Hutch JDB Trickstar\"}}, {\"added\": {\"name\": \"product image\", \"object\": \"Image for Hutch JDB Trickstar\"}}, {\"added\": {\"name\": \"product image\", \"object\": \"Image for Hutch JDB Trickstar\"}}, {\"added\": {\"name\": \"product image\", \"object\": \"Image for Hutch JDB Trickstar\"}}, {\"added\": {\"name\": \"product image\", \"object\": \"Image for Hutch JDB Trickstar\"}}]"}}, {"model": "admin.logentry", "pk": 33, "fields": {"action_time": "2025-10-10T22:57:10.526Z", "user": ["rex"], "content_type": ["products", "product"], "object_id": "4", "object_repr": "1987 GT Performer", "action_flag": 1, "change_message": "[{\"added\": {}}, {\"added\": {\"name\": \"product image\", \"object\": \"Image for 1987 GT Performer\"}}, {\"added\": {\"name\": \"product image\", \"object\": \"Image for 1987 GT Performer\"}}, {\"added\": {\"name\": \"product image\", \"object\": \"Image for 1987 GT Performer\"}}, {\"added\": {\"name\": \"product image\", \"object\": \"Image for 1987 GT Performer\"}}, {\"added\": {\"name\": \"product image\", \"object\": \"Image for 1987 GT Performer\"}}]"}}, {"model": "admin.logentry", "pk": 34, "fields": {"action_time": "2025-10-10T23:04:58.291Z", "user": ["rex"], "content_type": ["products", "product"], "object_id": "5", "object_repr": "1987 Diamond Back Strike Zone", "action_flag": 1, "change_message": "[{\"added\": {}}, {\"added\": {\"name\": \"product image\", \"object\": \"Image for 1987 Diamond Back Strike Zone\"}}, {\"added\": {\"name\": \"product image\", \"object\": \"Image for 1987 Diamond Back Strike Zone\"}}, {\"added\": {\"name\": \"product image\", \"object\": \"Image for 1987 Diamond Back Strike Zone\"}}, {\"added\": {\"name\": \"product image\", \"object\": \"Image for 1987 Diamond Back Strike Zone\"}}, {\"added\": {\"name\": \"product image\", \"object\": \"Image for 1987 Diamond Back Strike Zone\"}}, {\"added\": {\"name\": \"product image\", \"object\": \"Image for 1987 Diamond Back Strike Zone\"}}, {\"added\": {\"name\": \"product image\", \"object\": \"Image for 1987 Diamond Back Strike Zone\"}}]"}}, {"model": "admin.logentry", "pk": 35, "fields": {"action_time": "2025-10-12T10:26:51.078Z", "user": ["rex"], "content_type": ["products", "product"], "object_id": "3", "object_repr": "Hutch JDB Trickstar", "action_flag": 2, "change_message": "[{\"changed\": {\"fields\": [\"Stock\"]}}]"}}, {"model": "admin.logentry", "pk": 36, "fields": {"action_time": "2025-10-12T10:45:59.476Z", "user": ["rex"], "content_type": ["products", "product"], "object_id": "6", "object_repr": "1982 Hutch Pro Racer", "action_flag": 1, "change_message": "[{\"added\": {}}, {\"added\": {\"name\": \"product image\", \"object\": \"Image for 1982 Hutch Pro Racer\"}}, {\"added\": {\"name\": \"product image\", \"object\": \"Image for 1982 Hutch Pro Racer\"}}, {\"added\": {\"name\": \"product image\", \"object\": \"Image for 1982 Hutch Pro Racer\"}}, {\"added\": {\"name\": \"product image\", \"object\": \"Image for 1982 Hutch Pro Racer\"}}]"}}, {"model": "admin.logentry", "pk": 37, "fields": {"action_time": "2025-10-12T10:48:32.748Z", "user": ["rex"], "content_type": ["products", "product"], "object_id": "6", "object_repr": "1982 Hutch Pro Racer", "action_flag": 2, "change_message": "[{\"changed\": {\"fields\": [\"Description\", \"Parts\"]}}]"}}, {"model": "admin.logentry", "pk": 38, "fields": {"action_time": "2025-10-12T10:51:06.133Z", "user": ["rex"], "content_type": ["products", "product"], "object_id": "6", "object_repr": "1982 Hutch Pro Racer", "action_flag": 2, "change_message": "[{\"changed\": {\"fields\": [\"Parts\"]}}]"}}, {"model": "admin.logentry", "pk": 39, "fields": {"action_time": "2025-10-12T11:03:44.918Z", "user": ["rex"], "content_type": ["products", "product"], "object_id": "7", "object_repr": "1984 Hutch Pro Star", "action_flag": 1, "change_message": "[{\"added\": {}}, {\"added\": {\"name\": \"product image\", \"object\": \"Image for 1984 Hutch Pro Star\"}}, {\"added\": {\"name\": \"product image\", \"object\": \"Image for 1984 Hutch Pro Star\"}}, {\"added\": {\"name\": \"product image\", \"object\": \"Image for 1984 Hutch Pro Star\"}}, {\"added\": {\"name\": \"product image\", \"object\": \"Image for 1984 Hutch Pro Star\"}}, {\"added\": {\"name\": \"product image\", \"object\": \"Image for 1984 Hutch Pro Star\"}}, {\"added\": {\"name\": \"product image\", \"object\": \"Image for 1984 Hutch Pro Star\"}}]"}}, {"model": "admin.logentry", "pk": 40, "fields": {"action_time": "2025-10-12T11:05:37.464Z", "user": ["rex"], "content_type": ["products", "product"], "object_id": "7", "object_repr": "1984 Hutch Pro Star", "action_flag": 2, "change_message": "[{\"changed\": {\"fields\": [\"Parts\"]}}]"}}, {"model": "admin.logentry", "pk": 41, "fields": {"action_time": "2025-10-12T11:13:19.801Z", "user": ["rex"], "content_type": ["products", "product"], "object_id": "8", "object_repr": "1983 SE Racing Quadangle", "action_flag": 1, "change_message": "[{\"added\": {}}, {\"added\": {\"name\": \"product image\", \"object\": \"Image for 1983 SE Racing Quadangle\"}}, {\"added\": {\"name\": \"product image\", \"object\": \"Image for 1983 SE Racing Quadangle\"}}, {\"added\": {\"name\": \"product image\", \"object\": \"Image for 1983 SE Racing Quadangle\"}}, {\"added\": {\"name\": \"product image\", \"object\": \"Image for 1983 SE Racing Quadangle\"}}, {\"added\": {\"name\": \"product image\", \"object\": \"Image for 1983 SE Racing Quadangle\"}}, {\"added\": {\"name\": \"product image\", \"object\": \"Image for 1983 SE Racing Quadangle\"}}]"}}, {"model": "admin.logentry", "pk": 42, "fields": {"action_time": "2025-10-12T11:24:20.750Z", "user": ["rex"], "content_type": ["products", "product"], "object_id": "9", "object_repr": "1982 SE Racing P.K. Ripper", "action_flag": 1, "change_message": "[{\"added\": {}}, {\"added\": {\"name\": \"product image\", \"object\": \"Image for 1982 SE Racing P.K. Ripper\"}}, {\"added\": {\"name\": \"product image\", \"object\": \"Image for 1982 SE Racing P.K. Ripper\"}}, {\"added\": {\"name\": \"product image\", \"object\": \"Image for 1982 SE Racing P.K. Ripper\"}}, {\"added\": {\"name\": \"product image\", \"object\": \"Image for 1982 SE Racing P.K. Ripper\"}}, {\"added\": {\"name\": \"product image\", \"object\": \"Image for 1982 SE Racing P.K. Ripper\"}}, {\"added\": {\"name\": \"product image\", \"object\": \"Image for 1982 SE Racing P.K. Ripper\"}}, {\"added\": {\"name\": \"product image\", \"object\": \"Image for 1982 SE Racing P.K. Ripper\"}}]"}}, {"model": "admin.logentry", "pk": 43, "fields": {"action_time": "2025-10-12T11:30:38.891Z", "user": ["rex"], "content_type": ["products", "product"], "object_id": "10", "object_repr": "1981 SE Racing P.K. Ripper", "action_flag": 1, "change_message": "[{\"added\": {}}, {\"added\": {\"name\": \"product image\", \"object\": \"Image for 1981 SE Racing P.K. Ripper\"}}, {\"added\": {\"name\": \"product image\", \"object\": \"Image for 1981 SE Racing P.K. Ripper\"}}, {\"added\": {\"name\": \"product image\", \"object\": \"Image for 1981 SE Racing P.K. Ripper\"}}, {\"added\": {\"name\": \"product image\", \"object\": \"Image for 1981 SE Racing P.K. Ripper\"}}, {\"added\": {\"name\": \"product image\", \"object\": \"Image for 1981 SE Racing P.K. Ripper\"}}, {\"added\": {\"name\": \"product image\", \"object\": \"Image for 1981 SE Racing P.K. Ripper\"}}, {\"added\": {\"name\": \"product image\", \"object\": \"Image for 1981 SE Racing P.K. Ripper\"}}, {\"added\": {\"name\": \"product image\", \"object\": \"Image for 1981 SE Racing P.K. Ripper\"}}]"}}, {"model": "admin.logentry", "pk": 44, "fields": {"action_time": "2025-10-12T11:40:23.709Z", "user": ["rex"], "content_type": ["products", "product"], "object_id": "11", "object_repr": "Schwinn,  The Sting 1980s line-up", "action_flag": 1, "change_message": "[{\"added\": {}}, {\"added\": {\"name\": \"product image\", \"object\": \"Image for Schwinn,  The Sting 1980s line-up\"}}]"}}, {"model": "admin.logentry", "pk": 45, "fields": {"action_time": "2025-10-13T15:21:03.687Z", "user": ["rex"], "content_type": ["products", "product"], "object_id": "11", "object_repr": "Schwinn,  The Sting 1980s line-up", "action_flag": 3, "change_message": ""}}, {"model": "admin.logentry", "pk": 46, "fields": {"action_time": "2025-10-13T15:26:09.270Z", "user": ["rex"], "content_type": ["products", "product"], "object_id": "12", "object_repr": "Schwinn, The Sting 1980s line-up", "action_flag": 1, "change_message": "[{\"added\": {}}, {\"added\": {\"name\": \"product image\", \"object\": \"Image for Schwinn, The Sting 1980s line-up\"}}]"}}, {"model": "admin.logentry", "pk": 47, "fields": {"action_time": "2025-10-13T15:32:22.039Z", "user": ["rex"], "content_type": ["products", "product"], "object_id": "12", "object_repr": "Schwinn, The Sting 1980s line-up", "action_flag": 3, "change_message": ""}}, {"model": "admin.logentry", "pk": 48, "fields": {"action_time": "2025-10-17T08:45:25.357Z", "user": ["rex"], "content_type": ["products", "slider"], "object_id": "2", "object_repr": "Best  experience", "action_flag": 3, "change_message": ""}}, {"model": "admin.logentry", "pk": 49, "fields": {"action_time": "2025-10-17T08:53:21.159Z", "user": ["rex"], "content_type": ["products", "slider"], "object_id": "3", "object_repr": "Rex BMX Classics: Timeless Old School Shredders", "action_flag": 1, "change_message": "[{\"added\": {}}]"}}, {"model": "admin.logentry", "pk": 50, "fields": {"action_time": "2025-10-17T08:55:33.781Z", "user": ["rex"], "content_type": ["products", "slider"], "object_id": "3", "object_repr": "Rex BMX Classics: Timeless Old School Shredders", "action_flag": 2, "change_message": "[{\"changed\": {\"fields\": [\"Logo\", \"Favicon\"]}}]"}}, {"model": "admin.logentry", "pk": 51, "fields": {"action_time": "2025-10-17T09:06:48.791Z", "user": ["rex"], "content_type": ["products", "slider"], "object_id": "3", "object_repr": "Rex BMX: Unleash the Retro Roar", "action_flag": 2, "change_message": "[{\"changed\": {\"fields\": [\"Title slider\", \"Description\"]}}]"}}, {"model": "admin.logentry", "pk": 52, "fields": {"action_time": "2025-10-17T13:27:38.707Z", "user": ["rex"], "content_type": ["core", "contact"], "object_id": "1", "object_repr": "The Birth of BMX: A Brief History", "action_flag": 1, "change_message": "[{\"added\": {}}]"}}, {"model": "admin.logentry", "pk": 53, "fields": {"action_time": "2025-10-17T20:57:42.968Z", "user": ["rex"], "content_type": ["core", "contact"], "object_id": "1", "object_repr": "The Birth of BMX: A Brief History", "action_flag": 2, "change_message": "[{\"changed\": {\"fields\": [\"Content\"]}}]"}}, {"model": "admin.logentry", "pk": 54, "fields": {"action_time": "2025-10-17T21:02:44.650Z", "user": ["rex"], "content_type": ["core", "contact"], "object_id": "2", "object_repr": "The Birth and Blossoming of BMX", "action_flag": 1, "change_message": "[{\"added\": {}}]"}}, {"model": "admin.logentry", "pk": 55, "fields": {"action_time": "2025-10-17T21:05:21.292Z", "user": ["rex"], "content_type": ["core", "contact"], "object_id": "2", "object_repr": "The Birth and Blossoming of BMX", "action_flag": 2, "change_message": "[{\"changed\": {\"fields\": [\"Blog image\"]}}]"}}, {"model": "admin.logentry", "pk": 56, "fields": {"action_time": "2025-10-17T21:08:24.409Z", "user": ["rex"], "content_type": ["core", "contact"], "object_id": "2", "object_repr": "The Birth and Blossoming of BMX", "action_flag": 2, "change_message": "[{\"changed\": {\"fields\": [\"Blog image\"]}}]"}}, {"model": "admin.logentry", "pk": 57, "fields": {"action_time": "2025-10-17T21:10:50.633Z", "user": ["rex"], "content_type": ["core", "contact"], "object_id": "2", "object_repr": "The Birth and Blossoming of BMX", "action_flag": 2, "change_message": "[{\"changed\": {\"fields\": [\"Blog image\"]}}]"}}, {"model": "admin.logentry", "pk": 58, "fields": {"action_time": "2025-10-17T21:15:26.321Z", "user": ["rex"], "content_type": ["core", "contact"], "object_id": "1", "object_repr": "The Birth of BMX: A Brief History", "action_flag": 2, "change_message": "[{\"changed\": {\"fields\": [\"Blog image\"]}}]"}}, {"model": "admin.logentry", "pk": 59, "fields": {"action_time": "2025-10-17T21:19:31.476Z", "user": ["rex"], "content_type": ["core", "contact"], "object_id": "2", "object_repr": "The Birth and Blossoming of BMX", "action_flag": 2, "change_message": "[{\"changed\": {\"fields\": [\"Blog image\"]}}]"}}, {"model": "admin.logentry", "pk": 60, "fields": {"action_time": "2025-10-17T21:22:37.999Z", "user": ["rex"], "content_type": ["core", "contact"], "object_id": "3", "object_repr": "BMX Racing Becomes an Olympic Sport", "action_flag": 1, "change_message": "[{\"added\": {}}]"}}, {"model": "admin.logentry", "pk": 61, "fields": {"action_time": "2025-10-20T10:33:07.368Z", "user": ["rex"], "content_type": ["products", "product"], "object_id": "13", "object_repr": "1988 Haro Team Master", "action_flag": 1, "change_message": "[{\"added\": {}}, {\"added\": {\"name\": \"product image\", \"object\": \"Image for 1988 Haro Team Master\"}}, {\"added\": {\"name\": \"product image\", \"object\": \"Image for 1988 Haro Team Master\"}}, {\"added\": {\"name\": \"product image\", \"object\": \"Image for 1988 Haro Team Master\"}}, {\"added\": {\"name\": \"product image\", \"object\": \"Image for 1988 Haro Team Master\"}}, {\"added\": {\"name\": \"product image\", \"object\": \"Image for 1988 Haro Team Master\"}}]"}}, {"model": "admin.logentry", "pk": 62, "fields": {"action_time": "2025-10-20T14:07:37.875Z", "user": ["rex"], "content_type": ["products", "product"], "object_id": "13", "object_repr": "1988 Haro Team Master", "action_flag": 2, "change_message": "[{\"changed\": {\"fields\": [\"Price\"]}}]"}}, {"model": "admin.logentry", "pk": 63, "fields": {"action_time": "2025-10-20T14:19:05.760Z", "user": ["rex"], "content_type": ["products", "product"], "object_id": "14", "object_repr": "1986 Haro Master", "action_flag": 1, "change_message": "[{\"added\": {}}, {\"added\": {\"name\": \"product image\", \"object\": \"Image for 1986 Haro Master\"}}, {\"added\": {\"name\": \"product image\", \"object\": \"Image for 1986 Haro Master\"}}, {\"added\": {\"name\": \"product image\", \"object\": \"Image for 1986 Haro Master\"}}, {\"added\": {\"name\": \"product image\", \"object\": \"Image for 1986 Haro Master\"}}, {\"added\": {\"name\": \"product image\", \"object\": \"Image for 1986 Haro Master\"}}, {\"added\": {\"name\": \"product image\", \"object\": \"Image for 1986 Haro Master\"}}]"}}, {"model": "admin.logentry", "pk": 64, "fields": {"action_time": "2025-10-20T15:40:15.173Z", "user": ["rex"], "content_type": ["products", "slider"], "object_id": "3", "object_repr": "Rex BMX: Unleash the Retro Roar", "action_flag": 2, "change_message": "[]"}}, {"model": "admin.logentry", "pk": 65, "fields": {"action_time": "2025-10-20T16:38:11.861Z", "user": ["rex"], "content_type": ["core", "contact"], "object_id": "3", "object_repr": "BMX Racing Becomes an Olympic Sport", "action_flag": 2, "change_message": "[{\"changed\": {\"fields\": [\"Blog image\"]}}]"}}, {"model": "admin.logentry", "pk": 66, "fields": {"action_time": "2025-10-20T16:40:56.506Z", "user": ["rex"], "content_type": ["core", "contact"], "object_id": "2", "object_repr": "The Birth and Blossoming of BMX", "action_flag": 2, "change_message": "[{\"changed\": {\"fields\": [\"Blog image\"]}}]"}}, {"model": "admin.logentry", "pk": 67, "fields": {"action_time": "2025-10-20T17:39:05.679Z", "user": ["rex"], "content_type": ["blog", "blog"], "object_id": "1", "object_repr": "REX176B", "action_flag": 1, "change_message": "[{\"added\": {}}]"}}, {"model": "admin.logentry", "pk": 68, "fields": {"action_time": "2025-10-20T19:01:53.123Z", "user": ["rex"], "content_type": ["blog", "blog"], "object_id": "1", "object_repr": "REX176B", "action_flag": 2, "change_message": "[]"}}, {"model": "admin.logentry", "pk": 69, "fields": {"action_time": "2025-10-20T19:27:45.215Z", "user": ["rex"], "content_type": ["blog", "blog"], "object_id": "2", "object_repr": "FFF123", "action_flag": 1, "change_message": "[{\"added\": {}}]"}}, {"model": "admin.logentry", "pk": 70, "fields": {"action_time": "2025-10-20T19:37:01.318Z", "user": ["rex"], "content_type": ["blog", "blog"], "object_id": "2", "object_repr": "FFF123", "action_flag": 2, "change_message": "[{\"changed\": {\"fields\": [\"Valid to\"]}}]"}}, {"model": "admin.logentry", "pk": 71, "fields": {"action_time": "2025-10-20T22:18:01.224Z", "user": ["rex"], "content_type": ["products", "product"], "object_id": "14", "object_repr": "1986 Haro Master Nos", "action_flag": 2, "change_message": "[{\"changed\": {\"fields\": [\"Product name\", \"Product slug\"]}}]"}}, {"model": "admin.logentry", "pk": 72, "fields": {"action_time": "2025-10-20T22:30:58.988Z", "user": ["rex"], "content_type": ["products", "product"], "object_id": "15", "object_repr": "1986 Haro Master Dec 1985", "action_flag": 1, "change_message": "[{\"added\": {}}, {\"added\": {\"name\": \"product image\", \"object\": \"Image for 1986 Haro Master Dec 1985\"}}, {\"added\": {\"name\": \"product image\", \"object\": \"Image for 1986 Haro Master Dec 1985\"}}, {\"added\": {\"name\": \"product image\", \"object\": \"Image for 1986 Haro Master Dec 1985\"}}, {\"added\": {\"name\": \"product image\", \"object\": \"Image for 1986 Haro Master Dec 1985\"}}, {\"added\": {\"name\": \"product image\", \"object\": \"Image for 1986 Haro Master Dec 1985\"}}, {\"added\": {\"name\": \"product image\", \"object\": \"Image for 1986 Haro Master Dec 1985\"}}, {\"added\": {\"name\": \"product image\", \"object\": \"Image for 1986 Haro Master Dec 1985\"}}, {\"added\": {\"name\": \"product image\", \"object\": \"Image for 1986 Haro Master Dec 1985\"}}, {\"added\": {\"name\": \"product image\", \"object\": \"Image for 1986 Haro Master Dec 1985\"}}, {\"added\": {\"name\": \"product image\", \"object\": \"Image for 1986 Haro Master Dec 1985\"}}]"}}, {"model": "admin.logentry", "pk": 73, "fields": {"action_time": "2025-10-20T22:42:22.844Z", "user": ["rex"], "content_type": ["products", "product"], "object_id": "16", "object_repr": "1986 GT Pro Performer NOS", "action_flag": 1, "change_message": "[{\"added\": {}}, {\"added\": {\"name\": \"product image\", \"object\": \"Image for 1986 GT Pro Performer NOS\"}}, {\"added\": {\"name\": \"product image\", \"object\": \"Image for 1986 GT Pro Performer NOS\"}}, {\"added\": {\"name\": \"product image\", \"object\": \"Image for 1986 GT Pro Performer NOS\"}}, {\"added\": {\"name\": \"product image\", \"object\": \"Image for 1986 GT Pro Performer NOS\"}}, {\"added\": {\"name\": \"product image\", \"object\": \"Image for 1986 GT Pro Performer NOS\"}}, {\"added\": {\"name\": \"product image\", \"object\": \"Image for 1986 GT Pro Performer NOS\"}}, {\"added\": {\"name\": \"product image\", \"object\": \"Image for 1986 GT Pro Performer NOS\"}}]"}}, {"model": "admin.logentry", "pk": 74, "fields": {"action_time": "2025-10-20T22:49:06.184Z", "user": ["rex"], "content_type": ["products", "product"], "object_id": "17", "object_repr": "1987 GT Pro Freestyle Tour Team Model", "action_flag": 1, "change_message": "[{\"added\": {}}, {\"added\": {\"name\": \"product image\", \"object\": \"Image for 1987 GT Pro Freestyle Tour Team Model\"}}, {\"added\": {\"name\": \"product image\", \"object\": \"Image for 1987 GT Pro Freestyle Tour Team Model\"}}, {\"added\": {\"name\": \"product image\", \"object\": \"Image for 1987 GT Pro Freestyle Tour Team Model\"}}, {\"added\": {\"name\": \"product image\", \"object\": \"Image for 1987 GT Pro Freestyle Tour Team Model\"}}, {\"added\": {\"name\": \"product image\", \"object\": \"Image for 1987 GT Pro Freestyle Tour Team Model\"}}]"}}, {"model": "admin.logentry", "pk": 75, "fields": {"action_time": "2025-10-20T22:56:04.959Z", "user": ["rex"], "content_type": ["products", "product"], "object_id": "18", "object_repr": "1987 GT Pro Freestyle Tour Team", "action_flag": 1, "change_message": "[{\"added\": {}}, {\"added\": {\"name\": \"product image\", \"object\": \"Image for 1987 GT Pro Freestyle Tour Team\"}}, {\"added\": {\"name\": \"product image\", \"object\": \"Image for 1987 GT Pro Freestyle Tour Team\"}}, {\"added\": {\"name\": \"product image\", \"object\": \"Image for 1987 GT Pro Freestyle Tour Team\"}}, {\"added\": {\"name\": \"product image\", \"object\": \"Image for 1987 GT Pro Freestyle Tour Team\"}}, {\"added\": {\"name\": \"product image\", \"object\": \"Image for 1987 GT Pro Freestyle Tour Team\"}}, {\"added\": {\"name\": \"product image\", \"object\": \"Image for 1987 GT Pro Freestyle Tour Team\"}}]"}}, {"model": "admin.logentry", "pk": 76, "fields": {"action_time": "2025-10-20T23:04:05.101Z", "user": ["rex"], "content_type": ["products", "product"], "object_id": "19", "object_repr": "1987 GT Pro Freestyle Tour Team Model 87 Dayglo pink", "action_flag": 1, "change_message": "[{\"added\": {}}, {\"added\": {\"name\": \"product image\", \"object\": \"Image for 1987 GT Pro Freestyle Tour Team Model 87 Dayglo pink\"}}, {\"added\": {\"name\": \"product image\", \"object\": \"Image for 1987 GT Pro Freestyle Tour Team Model 87 Dayglo pink\"}}, {\"added\": {\"name\": \"product image\", \"object\": \"Image for 1987 GT Pro Freestyle Tour Team Model 87 Dayglo pink\"}}]"}}, {"model": "admin.logentry", "pk": 77, "fields": {"action_time": "2025-10-20T23:11:36.242Z", "user": ["rex"], "content_type": ["products", "product"], "object_id": "20", "object_repr": "1987 GT Pro Freestyle Tour Team Model White", "action_flag": 1, "change_message": "[{\"added\": {}}, {\"added\": {\"name\": \"product image\", \"object\": \"Image for 1987 GT Pro Freestyle Tour Team Model White\"}}, {\"added\": {\"name\": \"product image\", \"object\": \"Image for 1987 GT Pro Freestyle Tour Team Model White\"}}, {\"added\": {\"name\": \"product image\", \"object\": \"Image for 1987 GT Pro Freestyle Tour Team Model White\"}}, {\"added\": {\"name\": \"product image\", \"object\": \"Image for 1987 GT Pro Freestyle Tour Team Model White\"}}]"}}, {"model": "admin.logentry", "pk": 78, "fields": {"action_time": "2025-10-20T23:23:26.073Z", "user": ["rex"], "content_type": ["products", "product"], "object_id": "21", "object_repr": "1987 GT Pro Freestyle Tour Team Model Black", "action_flag": 1, "change_message": "[{\"added\": {}}, {\"added\": {\"name\": \"product image\", \"object\": \"Image for 1987 GT Pro Freestyle Tour Team Model Black\"}}, {\"added\": {\"name\": \"product image\", \"object\": \"Image for 1987 GT Pro Freestyle Tour Team Model Black\"}}, {\"added\": {\"name\": \"product image\", \"object\": \"Image for 1987 GT Pro Freestyle Tour Team Model Black\"}}, {\"added\": {\"name\": \"product image\", \"object\": \"Image for 1987 GT Pro Freestyle Tour Team Model Black\"}}, {\"added\": {\"name\": \"product image\", \"object\": \"Image for 1987 GT Pro Freestyle Tour Team Model Black\"}}, {\"added\": {\"name\": \"product image\", \"object\": \"Image for 1987 GT Pro Freestyle Tour Team Model Black\"}}]"}}, {"model": "admin.logentry", "pk": 79, "fields": {"action_time": "2025-10-20T23:33:53.752Z", "user": ["rex"], "content_type": ["products", "product"], "object_id": "22", "object_repr": "1987 Redline RL-20II Radberry Redline RL20II", "action_flag": 1, "change_message": "[{\"added\": {}}, {\"added\": {\"name\": \"product image\", \"object\": \"Image for 1987 Redline RL-20II Radberry Redline RL20II\"}}, {\"added\": {\"name\": \"product image\", \"object\": \"Image for 1987 Redline RL-20II Radberry Redline RL20II\"}}, {\"added\": {\"name\": \"product image\", \"object\": \"Image for 1987 Redline RL-20II Radberry Redline RL20II\"}}, {\"added\": {\"name\": \"product image\", \"object\": \"Image for 1987 Redline RL-20II Radberry Redline RL20II\"}}, {\"added\": {\"name\": \"product image\", \"object\": \"Image for 1987 Redline RL-20II Radberry Redline RL20II\"}}, {\"added\": {\"name\": \"product image\", \"object\": \"Image for 1987 Redline RL-20II Radberry Redline RL20II\"}}, {\"added\": {\"name\": \"product image\", \"object\": \"Image for 1987 Redline RL-20II Radberry Redline RL20II\"}}]"}}, {"model": "admin.logentry", "pk": 80, "fields": {"action_time": "2025-10-20T23:43:03.411Z", "user": ["rex"], "content_type": ["products", "product"], "object_id": "23", "object_repr": "1987 Redline RL-20II 87 Cali red RL20II", "action_flag": 1, "change_message": "[{\"added\": {}}, {\"added\": {\"name\": \"product image\", \"object\": \"Image for 1987 Redline RL-20II 87 Cali red RL20II\"}}, {\"added\": {\"name\": \"product image\", \"object\": \"Image for 1987 Redline RL-20II 87 Cali red RL20II\"}}, {\"added\": {\"name\": \"product image\", \"object\": \"Image for 1987 Redline RL-20II 87 Cali red RL20II\"}}, {\"added\": {\"name\": \"product image\", \"object\": \"Image for 1987 Redline RL-20II 87 Cali red RL20II\"}}, {\"added\": {\"name\": \"product image\", \"object\": \"Image for 1987 Redline RL-20II 87 Cali red RL20II\"}}]"}}, {"model": "admin.logentry", "pk": 81, "fields": {"action_time": "2025-10-20T23:54:02.540Z", "user": ["rex"], "content_type": ["products", "product"], "object_id": "24", "object_repr": "1987 Dyno Pro Compe Team", "action_flag": 1, "change_message": "[{\"added\": {}}, {\"added\": {\"name\": \"product image\", \"object\": \"Image for 1987 Dyno Pro Compe Team\"}}, {\"added\": {\"name\": \"product image\", \"object\": \"Image for 1987 Dyno Pro Compe Team\"}}, {\"added\": {\"name\": \"product image\", \"object\": \"Image for 1987 Dyno Pro Compe Team\"}}, {\"added\": {\"name\": \"product image\", \"object\": \"Image for 1987 Dyno Pro Compe Team\"}}, {\"added\": {\"name\": \"product image\", \"object\": \"Image for 1987 Dyno Pro Compe Team\"}}, {\"added\": {\"name\": \"product image\", \"object\": \"Image for 1987 Dyno Pro Compe Team\"}}]"}}, {"model": "admin.logentry", "pk": 82, "fields": {"action_time": "2025-10-21T00:12:17.790Z", "user": ["rex"], "content_type": ["products", "product"], "object_id": "25", "object_repr": "1985 Hutch Judge", "action_flag": 1, "change_message": "[{\"added\": {}}, {\"added\": {\"name\": \"product image\", \"object\": \"Image for 1985 Hutch Judge\"}}, {\"added\": {\"name\": \"product image\", \"object\": \"Image for 1985 Hutch Judge\"}}, {\"added\": {\"name\": \"product image\", \"object\": \"Image for 1985 Hutch Judge\"}}, {\"added\": {\"name\": \"product image\", \"object\": \"Image for 1985 Hutch Judge\"}}, {\"added\": {\"name\": \"product image\", \"object\": \"Image for 1985 Hutch Judge\"}}, {\"added\": {\"name\": \"product image\", \"object\": \"Image for 1985 Hutch Judge\"}}, {\"added\": {\"name\": \"product image\", \"object\": \"Image for 1985 Hutch Judge\"}}, {\"added\": {\"name\": \"product image\", \"object\": \"Image for 1985 Hutch Judge\"}}]"}}, {"model": "admin.logentry", "pk": 83, "fields": {"action_time": "2025-10-21T00:25:07.070Z", "user": ["rex"], "content_type": ["products", "product"], "object_id": "26", "object_repr": "1985 Hutch Judge Tim", "action_flag": 1, "change_message": "[{\"added\": {}}, {\"added\": {\"name\": \"product image\", \"object\": \"Image for 1985 Hutch Judge Tim\"}}, {\"added\": {\"name\": \"product image\", \"object\": \"Image for 1985 Hutch Judge Tim\"}}, {\"added\": {\"name\": \"product image\", \"object\": \"Image for 1985 Hutch Judge Tim\"}}, {\"added\": {\"name\": \"product image\", \"object\": \"Image for 1985 Hutch Judge Tim\"}}, {\"added\": {\"name\": \"product image\", \"object\": \"Image for 1985 Hutch Judge Tim\"}}, {\"added\": {\"name\": \"product image\", \"object\": \"Image for 1985 Hutch Judge Tim\"}}, {\"added\": {\"name\": \"product image\", \"object\": \"Image for 1985 Hutch Judge Tim\"}}]"}}, {"model": "admin.logentry", "pk": 84, "fields": {"action_time": "2025-10-21T00:56:11.778Z", "user": ["rex"], "content_type": ["blog", "blog"], "object_id": "3", "object_repr": "REX176", "action_flag": 1, "change_message": "[{\"added\": {}}]"}}, {"model": "admin.logentry", "pk": 85, "fields": {"action_time": "2025-10-21T01:35:47.290Z", "user": ["rex"], "content_type": ["blog", "blog"], "object_id": "3", "object_repr": "REX176", "action_flag": 3, "change_message": ""}}, {"model": "admin.logentry", "pk": 86, "fields": {"action_time": "2025-10-21T01:35:47.290Z", "user": ["rex"], "content_type": ["blog", "blog"], "object_id": "2", "object_repr": "FFF123", "action_flag": 3, "change_message": ""}}, {"model": "admin.logentry", "pk": 87, "fields": {"action_time": "2025-10-21T01:35:47.290Z", "user": ["rex"], "content_type": ["blog", "blog"], "object_id": "1", "object_repr": "REX176B", "action_flag": 3, "change_message": ""}}, {"model": "admin.logentry", "pk": 88, "fields": {"action_time": "2025-10-21T01:36:16.481Z", "user": ["rex"], "content_type": ["blog", "blog"], "object_id": "4", "object_repr": "REX176", "action_flag": 1, "change_message": "[{\"added\": {}}]"}}, {"model": "admin.logentry", "pk": 89, "fields": {"action_time": "2025-10-21T21:53:51.714Z", "user": ["rex"], "content_type": ["products", "product"], "object_id": "27", "object_repr": "92 Dyno detour splat", "action_flag": 1, "change_message": "[{\"added\": {}}, {\"added\": {\"name\": \"product image\", \"object\": \"Image for 92 Dyno detour splat\"}}, {\"added\": {\"name\": \"product image\", \"object\": \"Image for 92 Dyno detour splat\"}}, {\"added\": {\"name\": \"product image\", \"object\": \"Image for 92 Dyno detour splat\"}}, {\"added\": {\"name\": \"product image\", \"object\": \"Image for 92 Dyno detour splat\"}}]"}}, {"model": "admin.logentry", "pk": 90, "fields": {"action_time": "2025-10-21T22:13:45.395Z", "user": ["rex"], "content_type": ["products", "product"], "object_id": "28", "object_repr": "1990 SE Racing P.K. Ripper", "action_flag": 1, "change_message": "[{\"added\": {}}, {\"added\": {\"name\": \"product image\", \"object\": \"Image for 1990 SE Racing P.K. Ripper\"}}, {\"added\": {\"name\": \"product image\", \"object\": \"Image for 1990 SE Racing P.K. Ripper\"}}, {\"added\": {\"name\": \"product image\", \"object\": \"Image for 1990 SE Racing P.K. Ripper\"}}, {\"added\": {\"name\": \"product image\", \"object\": \"Image for 1990 SE Racing P.K. Ripper\"}}, {\"added\": {\"name\": \"product image\", \"object\": \"Image for 1990 SE Racing P.K. Ripper\"}}, {\"added\": {\"name\": \"product image\", \"object\": \"Image for 1990 SE Racing P.K. Ripper\"}}, {\"added\": {\"name\": \"product image\", \"object\": \"Image for 1990 SE Racing P.K. Ripper\"}}]"}}, {"model": "admin.logentry", "pk": 91, "fields": {"action_time": "2025-10-21T22:15:05.221Z", "user": ["rex"], "content_type": ["products", "category"], "object_id": "16", "object_repr": "others", "action_flag": 1, "change_message": "[{\"added\": {}}]"}}, {"model": "admin.logentry", "pk": 92, "fields": {"action_time": "2025-10-22T08:31:56.701Z", "user": ["rex"], "content_type": ["products", "product"], "object_id": "29", "object_repr": "1985 JMC Racing Darrell Young", "action_flag": 1, "change_message": "[{\"added\": {}}, {\"added\": {\"name\": \"product image\", \"object\": \"Image for 1985 JMC Racing Darrell Young\"}}, {\"added\": {\"name\": \"product image\", \"object\": \"Image for 1985 JMC Racing Darrell Young\"}}, {\"added\": {\"name\": \"product image\", \"object\": \"Image for 1985 JMC Racing Darrell Young\"}}, {\"added\": {\"name\": \"product image\", \"object\": \"Image for 1985 JMC Racing Darrell Young\"}}, {\"added\": {\"name\": \"product image\", \"object\": \"Image for 1985 JMC Racing Darrell Young\"}}, {\"added\": {\"name\": \"product image\", \"object\": \"Image for 1985 JMC Racing Darrell Young\"}}, {\"added\": {\"name\": \"product image\", \"object\": \"Image for 1985 JMC Racing Darrell Young\"}}]"}}, {"model": "admin.logentry", "pk": 93, "fields": {"action_time": "2025-10-22T22:51:11.014Z", "user": ["rex"], "content_type": ["products", "product"], "object_id": "30", "object_repr": "1979 Race Inc. RA-7", "action_flag": 1, "change_message": "[{\"added\": {}}, {\"added\": {\"name\": \"product image\", \"object\": \"Image for 1979 Race Inc. RA-7\"}}, {\"added\": {\"name\": \"product image\", \"object\": \"Image for 1979 Race Inc. RA-7\"}}, {\"added\": {\"name\": \"product image\", \"object\": \"Image for 1979 Race Inc. RA-7\"}}, {\"added\": {\"name\": \"product image\", \"object\": \"Image for 1979 Race Inc. RA-7\"}}, {\"added\": {\"name\": \"product image\", \"object\": \"Image for 1979 Race Inc. RA-7\"}}]"}}, {"model": "admin.logentry", "pk": 94, "fields": {"action_time": "2025-10-22T23:00:33.395Z", "user": ["rex"], "content_type": ["products", "product"], "object_id": "31", "object_repr": "1983 Diamond Back Silver Streak", "action_flag": 1, "change_message": "[{\"added\": {}}, {\"added\": {\"name\": \"product image\", \"object\": \"Image for 1983 Diamond Back Silver Streak\"}}, {\"added\": {\"name\": \"product image\", \"object\": \"Image for 1983 Diamond Back Silver Streak\"}}, {\"added\": {\"name\": \"product image\", \"object\": \"Image for 1983 Diamond Back Silver Streak\"}}, {\"added\": {\"name\": \"product image\", \"object\": \"Image for 1983 Diamond Back Silver Streak\"}}, {\"added\": {\"name\": \"product image\", \"object\": \"Image for 1983 Diamond Back Silver Streak\"}}]"}}, {"model": "admin.logentry", "pk": 95, "fields": {"action_time": "2025-10-22T23:10:17.902Z", "user": ["rex"], "content_type": ["products", "product"], "object_id": "32", "object_repr": "1984 Haro Freestyler", "action_flag": 1, "change_message": "[{\"added\": {}}, {\"added\": {\"name\": \"product image\", \"object\": \"Image for 1984 Haro Freestyler\"}}, {\"added\": {\"name\": \"product image\", \"object\": \"Image for 1984 Haro Freestyler\"}}, {\"added\": {\"name\": \"product image\", \"object\": \"Image for 1984 Haro Freestyler\"}}]"}}, {"model": "admin.logentry", "pk": 96, "fields": {"action_time": "2025-10-22T23:17:39.289Z", "user": ["rex"], "content_type": ["products", "product"], "object_id": "33", "object_repr": "1983 Skyway TA Freestyle survivor", "action_flag": 1, "change_message": "[{\"added\": {}}, {\"added\": {\"name\": \"product image\", \"object\": \"Image for 1983 Skyway TA Freestyle survivor\"}}, {\"added\": {\"name\": \"product image\", \"object\": \"Image for 1983 Skyway TA Freestyle survivor\"}}, {\"added\": {\"name\": \"product image\", \"object\": \"Image for 1983 Skyway TA Freestyle survivor\"}}, {\"added\": {\"name\": \"product image\", \"object\": \"Image for 1983 Skyway TA Freestyle survivor\"}}, {\"added\": {\"name\": \"product image\", \"object\": \"Image for 1983 Skyway TA Freestyle survivor\"}}, {\"added\": {\"name\": \"product image\", \"object\": \"Image for 1983 Skyway TA Freestyle survivor\"}}, {\"added\": {\"name\": \"product image\", \"object\": \"Image for 1983 Skyway TA Freestyle survivor\"}}]"}}, {"model": "admin.logentry", "pk": 97, "fields": {"action_time": "2025-10-22T23:23:58.313Z", "user": ["rex"], "content_type": ["products", "product"], "object_id": "34", "object_repr": "1985 Redline Prostyler", "action_flag": 1, "change_message": "[{\"added\": {}}, {\"added\": {\"name\": \"product image\", \"object\": \"Image for 1985 Redline Prostyler\"}}, {\"added\": {\"name\": \"product image\", \"object\": \"Image for 1985 Redline Prostyler\"}}, {\"added\": {\"name\": \"product image\", \"object\": \"Image for 1985 Redline Prostyler\"}}, {\"added\": {\"name\": \"product image\", \"object\": \"Image for 1985 Redline Prostyler\"}}, {\"added\": {\"name\": \"product image\", \"object\": \"Image for 1985 Redline Prostyler\"}}]"}}, {"model": "admin.logentry", "pk": 98, "fields": {"action_time": "2025-10-22T23:38:01.342Z", "user": ["rex"], "content_type": ["products", "product"], "object_id": "35", "object_repr": "1985 GT Pro World Tour in Green!", "action_flag": 1, "change_message": "[{\"added\": {}}]"}}, {"model": "admin.logentry", "pk": 99, "fields": {"action_time": "2025-10-22T23:41:40.534Z", "user": ["rex"], "content_type": ["products", "product"], "object_id": "35", "object_repr": "1985 GT Pro World Tour in Green!", "action_flag": 2, "change_message": "[{\"changed\": {\"fields\": [\"Thumbnail\"]}}, {\"added\": {\"name\": \"product image\", \"object\": \"Image for 1985 GT Pro World Tour in Green!\"}}, {\"added\": {\"name\": \"product image\", \"object\": \"Image for 1985 GT Pro World Tour in Green!\"}}, {\"added\": {\"name\": \"product image\", \"object\": \"Image for 1985 GT Pro World Tour in Green!\"}}, {\"added\": {\"name\": \"product image\", \"object\": \"Image for 1985 GT Pro World Tour in Green!\"}}, {\"added\": {\"name\": \"product image\", \"object\": \"Image for 1985 GT Pro World Tour in Green!\"}}, {\"added\": {\"name\": \"product image\", \"object\": \"Image for 1985 GT Pro World Tour in Green!\"}}, {\"added\": {\"name\": \"product image\", \"object\": \"Image for 1985 GT Pro World Tour in Green!\"}}]"}}, {"model": "admin.logentry", "pk": 100, "fields": {"action_time": "2025-10-22T23:46:47.297Z", "user": ["rex"], "content_type": ["products", "product"], "object_id": "36", "object_repr": "2019 GT Pro Performer 26", "action_flag": 1, "change_message": "[{\"added\": {}}, {\"added\": {\"name\": \"product image\", \"object\": \"Image for 2019 GT Pro Performer 26\"}}, {\"added\": {\"name\": \"product image\", \"object\": \"Image for 2019 GT Pro Performer 26\"}}, {\"added\": {\"name\": \"product image\", \"object\": \"Image for 2019 GT Pro Performer 26\"}}]"}}]